T_C,P_kb,rho_model_gcm3,rho_truth_gcm3,drho_gcm3,eps_model,eps_truth,deps,G0_H2O_model_cal,G0_H2O_truth_cal,dG0_H2O_cal,G0_CO2_model_cal,G0_CO2_truth_cal,dG0_CO2_cal,G0_H+_model_cal,G0_H+_truth_cal,dG0_H+_cal,G0_HCO3-_model_cal,G0_HCO3-_truth_cal,dG0_HCO3-_cal,DeltaGro_model_cal,DeltaGro_truth_cal,dDeltaGro_cal,logK_model,logK_truth,dlogK,V0_H2O_model_cm3,V0_H2O_truth_cm3,dV0_H2O_cm3,V0_CO2_model_cm3,V0_CO2_truth_cm3,dV0_CO2_cm3,V0_H+_model_cm3,V0_H+_truth_cm3,dV0_H+_cm3,V0_HCO3-_model_cm3,V0_HCO3-_truth_cm3,dV0_HCO3-_cm3,DeltaVr_model_cm3,DeltaVr_truth_cm3,dDeltaVr_cm3
300,5,0.993323,0.993323,-7.45055e-08,33.9175,33.9175,-3.7182e-06,-60683.4,-60682.9,-0.478463,-99315.9,-99318.2,2.23676,0,0,0,-143647,-143644,-3.56008,16352.2,16357.5,-5.31837,-6.23519,-6.24138,0.00619524,18.1361,18.1364,-0.000280522,33.3987,33.3987,1.59763e-06,0,0,0,27.2275,27.2275,-2.54143e-06,-24.3073,-24.3076,0.000276383
350,5,0.962022,0.962022,2.98022e-07,29.2874,29.2874,1.34027e-05,-62043.7,-62043.2,-0.505787,-101550,-101552,2.10925,0,0,0,-144911,-144908,-3.35713,18682.9,18687.8,-4.96059,-6.55229,-6.55841,0.00611872,18.7262,18.7265,-0.000296855,34.2474,34.2474,-8.26075e-06,0,0,0,25.9577,25.9577,1.28818e-05,-27.0159,-27.0162,0.000317997
400,5,0.930277,0.930277,-2.23517e-07,25.385,25.385,-9.06577e-06,-63473.1,-63472.5,-0.540653,-103868,-103870,1.97785,0,0,0,-146147,-146144,-3.14802,21194.4,21199,-4.58522,-6.88098,-6.88707,0.00608708,19.3652,19.3655,-0.000296333,35.2929,35.2929,7.96268e-06,0,0,0,24.4112,24.4112,-1.19242e-05,-30.2469,-30.2472,0.000276446
450,5,0.898378,0.898378,-7.45055e-08,22.0765,22.0765,-2.72835e-06,-64964.6,-64964,-0.587531,-106272,-106273,1.84952,0,0,0,-147344,-147341,-2.94375,23892.2,23896.5,-4.20573,-7.22055,-7.22665,0.0060962,20.0528,20.0531,-0.00031001,36.579,36.579,3.39396e-06,0,0,0,22.5563,22.5563,-4.86344e-06,-34.0755,-34.0758,0.000301752
500,5,0.866601,0.866601,3.72528e-07,19.2611,19.2611,1.23329e-05,-66509.6,-66508.9,-0.654377,-108763,-108765,1.7236,0,0,0,-148493,-148490,-2.74317,26780.1,26783.9,-3.8124,-7.56989,-7.57603,0.0061361,20.7881,20.7884,-0.000332038,38.1545,38.1545,-2.15893e-05,0,0,0,20.3255,20.3255,2.98238e-05,-38.6171,-38.6175,0.000383451
550,5,0.835204,0.835204,7.45055e-08,16.8596,16.8596,2.23345e-06,-68099.7,-68098.9,-0.748142,-111346,-111347,1.59256,0,0,0,-149584,-149581,-2.5347,29861.5,29864.9,-3.37912,-7.92821,-7.9344,0.00619488,21.5696,21.5699,-0.000337171,40.0718,40.0718,-5.46284e-06,0,0,0,17.6252,17.6251,7.35616e-06,-44.0162,-44.0165,0.00034999
600,5,0.80442,0.80442,-2.23517e-07,14.8082,14.8082,-6.07822e-06,-69732,-69731.1,-0.857824,-114021,-114022,1.46069,0,0,0,-150607,-150605,-2.32509,33145.4,33148.3,-2.92796,-8.29614,-8.30241,0.0062763,22.395,22.3954,-0.000341854,42.3844,42.3844,2.06029e-05,0,0,0,14.3478,14.3478,-2.7344e-05,-50.4316,-50.4319,0.000293907
650,5,0.774454,0.774454,1.49011e-07,13.0541,13.0541,3.68347e-06,-71409.5,-71408.5,-0.96569,-116790,-116791,1.33562,0,0,0,-151554,-151552,-2.12563,36644.8,36647.3,-2.49556,-8.67524,-8.68163,0.00638744,23.2616,23.2619,-0.000366021,45.144,45.144,-1.71407e-05,0,0,0,10.3812,10.3811,2.26412e-05,-58.0244,-58.0248,0.000405803
700,5,0.745478,0.745478,2.23517e-07,11.5529,11.5529,5.0339e-06,-73134.3,-73133.3,-1.06676,-119653,-119654,1.20789,0,0,0,-152418,-152416,-1.92218,40369.3,40371.4,-2.06332,-9.06595,-9.07247,0.00652098,24.1657,24.1661,-0.000382844,48.3956,48.3956,-3.18159e-05,0,0,0,5.61721,5.61717,4.21689e-05,-66.9441,-66.9446,0.000456829
750,5,0.717629,0.717629,1.49011e-07,10.2672,10.2672,3.06499e-06,-74905.5,-74904.4,-1.16179,-122609,-122610,1.07818,0,0,0,-153193,-153191,-1.71582,44321.6,44323.3,-1.63221,-9.46713,-9.4738,0.00667422,25.1035,25.1039,-0.000395386,52.1736,52.1736,-2.59991e-05,0,0,0,-0.0357968,-0.0358316,3.47985e-05,-77.3129,-77.3133,0.000456184
800,5,0.691009,0.691009,2.98022e-07,9.16518,9.16518,5.61304e-06,-76719.7,-76718.4,-1.25222,-125657,-125658,0.952186,0,0,0,-153879,-153878,-1.515,48497.4,48498.6,-1.21496,-9.87643,-9.88328,0.0068464,26.0706,26.071,-0.000416449,56.497,56.497,-6.30778e-05,0,0,0,-6.6405,-6.64058,8.5647e-05,-89.208,-89.2086,0.000565173
850,5,0.665681,0.665682,-2.98022e-07,8.21951,8.21952,-5.15353e-06,-78571.9,-78570.5,-1.3391,-128792,-128793,0.811721,0,0,0,-154478,-154477,-1.29249,52886,52886.8,-0.765115,-10.2907,-10.2977,0.00702458,27.0625,27.0629,-0.000408506,61.3659,61.3658,7.56708e-05,0,0,0,-14.2193,-14.2192,-0.00010452,-102.648,-102.648,0.000228315
900,5,0.641677,0.641678,-5.21539e-07,7.40694,7.40695,-8.30316e-06,-80456,-80454.6,-1.42313,-132011,-132011,0.676698,0,0,0,-154995,-154994,-1.07797,57471.2,57471.5,-0.331536,-10.7063,-10.7135,0.00721507,28.0749,28.0753,-0.000413538,66.7598,66.7596,0.000157023,0,0,0,-22.748,-22.7478,-0.000220892,-117.583,-117.583,3.56232e-05
950,5,0.618999,0.618998,4.47033e-07,6.70762,6.70762,6.57057e-06,-82365.2,-82363.7,-1.50492,-135306,-135307,0.571471,0,0,0,-155440,-155439,-0.908819,62231.7,62231.6,0.0246292,-11.1192,-11.1266,0.00742475,29.1035,29.1039,-0.000473362,72.6361,72.6363,-0.000157699,0,0,0,-32.1543,-32.1545,0.000225921,-133.894,-133.895,0.000856982
1000,5,0.597623,0.597623,5.21539e-07,6.10466,6.10465,7.09671e-06,-84292,-84290.5,-1.58468,-138671,-138672,0.446005,0,0,0,-155821,-155820,-0.709072,67142.3,67141.9,0.429606,-11.5255,-11.5331,0.0076268,30.1444,30.1449,-0.00049483,78.932,78.9322,-0.000212993,0,0,0,-42.322,-42.3223,0.000310435,-151.398,-151.399,0.00101826
300,10,1.10267,1.10267,-7.45055e-08,39.5103,39.5103,-3.9018e-06,-58635.5,-58634.7,-0.822543,-95382.5,-95384.7,2.23682,0,0,0,-140340,-140336,-3.56017,13678.3,13683.3,-4.97444,-5.21564,-5.22102,0.00538281,16.3377,16.3379,-0.000252826,31.5105,31.5105,6.7807e-07,0,0,0,29.6842,29.6842,-1.07923e-06,-18.164,-18.1642,0.000251069
350,10,1.07873,1.07873,3.72528e-08,34.6848,34.6848,1.76943e-06,-59941.4,-59940.6,-0.866836,-97525.6,-97527.7,2.10812,0,0,0,-141744,-141741,-3.35533,15722.5,15727.1,-4.59661,-5.51406,-5.51936,0.00529731,16.7002,16.7005,-0.000260142,31.8028,31.8028,-4.11939e-07,0,0,0,29.2297,29.2297,6.55652e-07,-19.2732,-19.2735,0.000261209
400,10,1.05473,1.05473,-1.49011e-07,30.5932,30.5933,-6.42443e-06,-61313,-61312.1,-0.924017,-99731.8,-99733.8,1.97843,0,0,0,-143153,-143150,-3.14892,17891.8,17896,-4.20333,-5.80876,-5.81401,0.00524662,17.0803,17.0805,-0.000263059,32.1379,32.1379,1.98152e-06,0,0,0,28.7046,28.7046,-3.15384e-06,-20.5136,-20.5138,0.000257923
450,10,1.0308,1.0308,-7.45055e-08,27.0966,27.0966,-2.91857e-06,-62743.4,-62742.4,-1.00213,-102000,-102002,1.84964,0,0,0,-144558,-144555,-2.94394,20185.9,20189.7,-3.79145,-6.10044,-6.10567,0.00522253,17.4768,17.477,-0.000270371,32.5192,32.5192,1.18129e-06,0,0,0,28.1045,28.1045,-1.88017e-06,-21.8915,-21.8917,0.00026731
500,10,1.00707,1.00707,-1.49011e-07,24.0912,24.0912,-5.30958e-06,-64224.1,-64223,-1.11547,-104331,-104333,1.72021,0,0,0,-145953,-145950,-2.73793,22602.1,22605.5,-3.34268,-6.38892,-6.39414,0.00521418,17.8885,17.8888,-0.000275387,32.9498,32.9498,2.79603e-06,0,0,0,27.4245,27.4245,-4.45022e-06,-23.4139,-23.4142,0.000268141
550,10,0.983666,0.983666,-1.49011e-07,21.4964,21.4964,-4.83582e-06,-65747,-65745.7,-1.27658,-106722,-106724,1.59109,0,0,0,-147332,-147330,-2.53242,25137.1,25139.9,-2.84693,-6.67387,-6.67909,0.00521543,18.3141,18.3144,-0.000281875,33.4331,33.4331,3.28683e-06,0,0,0,26.6598,26.6598,-5.2314e-06,-25.0875,-25.0877,0.000273357
600,10,0.96068,0.96068,-7.45055e-08,19.2482,19.2482,-2.20519e-06,-67309.2,-67307.8,-1.46568,-109175,-109176,1.46243,0,0,0,-148692,-148690,-2.32765,27792,27794.4,-2.3244,-6.95622,-6.96145,0.00522989,18.7523,18.7526,-0.000290006,33.9719,33.9719,1.91981e-06,0,0,0,25.806,25.806,-3.05562e-06,-26.9182,-26.9185,0.00028503
650,10,0.938193,0.938193,-2.23517e-07,17.2943,17.2943,-6.04238e-06,-68914.2,-68912.5,-1.65082,-111687,-111688,1.33228,0,0,0,-150028,-150026,-2.12049,30573.4,30575.2,-1.80194,-7.23792,-7.24318,0.0052628,19.2018,19.2021,-0.000293871,34.5687,34.5687,6.68773e-06,0,0,0,24.8595,24.8595,-1.06444e-05,-28.911,-28.9112,0.000276539
700,10,0.91627,0.91627,1.11758e-07,15.5914,15.5914,2.76363e-06,-70564.2,-70562.4,-1.82315,-114259,-114260,1.20579,0,0,0,-151337,-151335,-1.91916,33485.9,33487.2,-1.3018,-7.52011,-7.52543,0.00531702,19.6612,19.6615,-0.000307985,35.2252,35.2252,-3.86011e-06,0,0,0,23.8175,23.8175,6.14385e-06,-31.0689,-31.0693,0.000317989
750,10,0.894957,0.894957,1.11758e-07,14.1035,14.1035,2.532e-06,-72258.5,-72256.5,-1.98415,-116890,-116891,1.07688,0,0,0,-152618,-152616,-1.71398,36530.2,36531,-0.806705,-7.80288,-7.80827,0.00538582,20.1295,20.1298,-0.000315378,35.9424,35.9424,-4.43025e-06,0,0,0,22.6784,22.6784,7.05129e-06,-33.3934,-33.3937,0.000326859
800,10,0.874288,0.874288,2.60769e-07,12.8005,12.8004,5.4215e-06,-73994,-73991.8,-2.13637,-119578,-119579,0.949488,0,0,0,-153868,-153867,-1.51123,39703.7,39704,-0.324343,-8.0856,-8.09107,0.00546839,20.6053,20.6057,-0.000326406,36.7203,36.7203,-1.17955e-05,0,0,0,21.4424,21.4424,1.87741e-05,-35.8832,-35.8836,0.000356976
850,10,0.854284,0.854284,2.23517e-07,11.6565,11.6565,4.27122e-06,-75765.9,-75763.6,-2.28177,-122323,-122323,0.820338,0,0,0,-155087,-155086,-1.30567,43001.3,43001.1,0.155763,-8.3673,-8.37286,0.00556018,21.0878,21.0882,-0.000333277,37.558,37.558,-1.147e-05,0,0,0,20.1111,20.1111,1.82559e-05,-38.5347,-38.535,0.000363003
900,10,0.834956,0.834956,1.49011e-07,10.65,10.65,2.62143e-06,-77568.5,-77566.1,-2.42176,-125122,-125123,0.690655,0,0,0,-156275,-156273,-1.09926,46415.8,46415.1,0.631844,-8.64677,-8.65243,0.00565944,21.576,21.5763,-0.000339197,38.4531,38.4531,-8.6245e-06,0,0,0,18.6881,18.6881,1.3727e-05,-41.341,-41.3413,0.000361549
950,10,0.816307,0.816307,-7.45055e-08,9.76242,9.76242,-1.20858e-06,-79395.1,-79392.5,-2.55736,-127974,-127975,0.558774,0,0,0,-157431,-157430,-0.889358,49938.3,49937.2,1.10923,-8.92269,-8.92846,0.00576326,22.0689,22.0693,-0.000340994,39.4023,39.4023,4.83531e-06,0,0,0,17.1789,17.1789,-7.696e-06,-44.2923,-44.2927,0.000328463
1000,10,0.79833,0.798331,-2.23517e-07,8.978,8.978,-3.34845e-06,-81238.4,-81235.7,-2.68933,-130877,-130878,0.427447,0,0,0,-158557,-158557,-0.680336,53558.4,53556.8,1.58155,-9.19369,-9.19956,0.00587098,22.5658,22.5662,-0.000344414,40.4008,40.4008,1.61701e-05,0,0,0,15.5911,15.5911,-2.57368e-05,-47.3756,-47.3759,0.000302507
300,15,1.17895,1.17895,7.45055e-08,43.5684,43.5684,4.02415e-06,-56750.5,-56749.3,-1.24414,-91620.3,-91622.5,2.23718,0,0,0,-136803,-136799,-3.56076,11568.1,11572.7,-4.55381,-4.41099,-4.41567,0.0046847,15.2805,15.2807,-0.000238464,30.8308,30.8308,-3.99428e-07,0,0,0,30.5291,30.5291,6.3574e-07,-15.5822,-15.5825,0.0002395
350,15,1.15835,1.15835,3.72528e-08,38.5324,38.5324,1.8306e-06,-58019.2,-58017.9,-1.31,-93723.4,-93725.5,2.1081,0,0,0,-138272,-138268,-3.3553,13471,13475.2,-4.15339,-4.72443,-4.72904,0.00461418,15.5523,15.5525,-0.000242223,30.977,30.977,-2.36678e-07,0,0,0,30.2815,30.2815,3.76703e-07,-16.2478,-16.248,0.000242837
400,15,1.13779,1.13779,1.11758e-07,34.2423,34.2423,4.9993e-06,-59352,-59350.6,-1.39563,-95882.6,-95884.6,1.97932,0,0,0,-139755,-139752,-3.15034,15479.3,15483.1,-3.73403,-5.02553,-5.0301,0.00457085,15.8333,15.8335,-0.000247645,31.1432,31.1432,-8.31781e-07,0,0,0,30.0055,30.0055,1.32388e-06,-16.971,-16.9712,0.000249801
450,15,1.11735,1.11735,7.45055e-08,30.556,30.556,3.03623e-06,-60742.2,-60740.6,-1.51357,-98096.7,-98098.6,1.85022,0,0,0,-141247,-141244,-2.94486,17591.7,17595,-3.28151,-5.31644,-5.32099,0.00454449,16.123,16.1232,-0.000251668,31.3289,31.3289,-6.4355e-07,0,0,0,29.7008,29.7008,1.02429e-06,-17.7511,-17.7514,0.000253336
500,15,1.09709,1.09709,-1.30385e-07,27.3679,27.3679,-4.84473e-06,-62181.4,-62179.7,-1.68606,-100365,-100366,1.72043,0,0,0,-142742,-142739,-2.73828,19804.3,19807.1,-2.77264,-5.59807,-5.60259,0.00452454,16.4207,16.4209,-0.000253269,31.534,31.534,1.29676e-06,0,0,0,29.3669,29.3669,-2.06396e-06,-18.5877,-18.588,0.000249908
550,15,1.07709,1.07709,1.49011e-07,24.5971,24.597,5.05338e-06,-63661.5,-63659.6,-1.93263,-102685,-102687,1.5926,0,0,0,-144234,-144231,-2.53482,22112.9,22115.1,-2.19478,-5.87095,-5.87546,0.0045057,16.7256,16.7259,-0.000262274,31.7583,31.7583,-1.69477e-06,0,0,0,29.0036,29.0036,2.69745e-06,-19.4803,-19.4806,0.000266666
600,15,1.05741,1.05741,9.31319e-08,22.1789,22.1788,2.88563e-06,-65180,-65177.7,-2.22255,-105058,-105060,1.46338,0,0,0,-145720,-145718,-2.32915,24518,24519.6,-1.56998,-6.13675,-6.14124,0.00449341,17.0369,17.0372,-0.000266299,32.002,32.002,-1.20387e-06,0,0,0,28.6105,28.6105,1.91611e-06,-20.4284,-20.4287,0.000269419
650,15,1.0381,1.0381,-7.45055e-08,20.0611,20.0611,-2.11149e-06,-66740.2,-66737.7,-2.5061,-107482,-107484,1.33347,0,0,0,-147197,-147195,-2.12239,27025.8,27026.7,-0.949762,-6.39805,-6.40255,0.00449977,17.3538,17.354,-0.000268477,32.2649,32.2649,1.08844e-06,0,0,0,28.1876,28.1876,-1.73238e-06,-21.4311,-21.4313,0.000265656
700,15,1.01922,1.01922,-1.11758e-07,18.2006,18.2007,-2.90027e-06,-68344.7,-68341.9,-2.76956,-109957,-109958,1.20418,0,0,0,-148661,-148659,-1.9166,29640.9,29641.2,-0.351214,-6.65661,-6.66114,0.00452646,17.6754,17.6756,-0.000272783,32.5468,32.5468,1.83539e-06,0,0,0,27.735,27.735,-2.92125e-06,-22.4872,-22.4875,0.000268026
750,15,1.00078,1.00078,-1.11758e-07,16.5617,16.5617,-2.65893e-06,-69992.7,-69989.7,-3.01524,-112482,-112483,1.07508,0,0,0,-150110,-150109,-1.71113,32364.3,32364.1,0.229032,-6.91304,-6.91761,0.0045699,18.001,18.0013,-0.000277772,32.8473,32.8473,2.05292e-06,0,0,0,27.2532,27.2532,-3.26748e-06,-23.5951,-23.5954,0.000272452
800,15,0.98281,0.98281,-3.72528e-08,15.1141,15.1141,-8.13513e-07,-71681.3,-71678.1,-3.24711,-115056,-115057,0.946556,0,0,0,-151543,-151541,-1.50656,35194.2,35193.4,0.793997,-7.16725,-7.17188,0.00462691,18.3301,18.3304,-0.000284203,33.1658,33.1658,7.617e-07,0,0,0,26.7433,26.7433,-1.21234e-06,-24.7526,-24.7529,0.000282229
850,15,0.96533,0.96533,3.72528e-08,13.8324,13.8324,7.47576e-07,-73405.9,-73402.4,-3.46825,-117678,-117679,0.818136,0,0,0,-152957,-152956,-1.30217,38126.7,38125.4,1.34795,-7.4188,-7.42349,0.00469431,18.662,18.6623,-0.000290776,33.5014,33.5014,-8.4384e-07,0,0,0,26.2065,26.2065,1.34308e-06,-25.9569,-25.9572,0.000292963
900,15,0.948344,0.948344,3.72528e-08,12.6947,12.6947,6.87781e-07,-75160.6,-75156.9,-3.68086,-120347,-120348,0.689147,0,0,0,-154351,-154350,-1.09686,41156.3,41154.4,1.89485,-7.66698,-7.67175,0.00476937,18.9963,18.9966,-0.000295998,33.8529,33.8529,-9.30509e-07,0,0,0,25.6447,25.6447,1.48102e-06,-27.2045,-27.2048,0.000298409
950,15,0.931855,0.931855,-7.45055e-08,11.6827,11.6827,-1.26697e-06,-76939,-76935.1,-3.88656,-123063,-123063,0.559046,0,0,0,-155725,-155725,-0.889791,44276.1,44273.6,2.43772,-7.911,-7.91585,0.00484978,19.3324,19.3327,-0.00029893,34.2189,34.2189,2.04279e-06,0,0,0,25.0601,25.0601,-3.25135e-06,-28.4912,-28.4915,0.000293636
1000,15,0.915859,0.915859,7.45055e-08,10.7804,10.7804,1.16824e-06,-78733.8,-78729.7,-4.08651,-125823,-125824,0.431575,0,0,0,-157079,-157078,-0.686905,47478,47475.1,2.96803,-8.14995,-8.15489,0.00493546,19.6701,19.6704,-0.000307324,34.5976,34.5976,-2.23218e-06,0,0,0,24.4554,24.4554,3.55279e-06,-29.8122,-29.8125,0.000313109
300,20,1.23935,1.23935,-1.11758e-07,46.8689,46.8689,-6.17703e-06,-54971.1,-54969.5,-1.65465,-87930,-87932.3,2.23679,0,0,0,-133172,-133169,-3.56013,9728.96,9733.11,-4.14227,-3.70971,-3.71377,0.00405912,14.5358,14.536,-0.000224614,30.4833,30.4833,4.06932e-07,0,0,0,30.9501,30.9501,-6.47682e-07,-14.069,-14.0692,0.000223559
350,20,1.22068,1.22068,3.72528e-08,41.6341,41.6341,1.87696e-06,-56210.5,-56208.8,-1.7418,-90010.4,-90012.5,2.10808,0,0,0,-134680,-134677,-3.35528,11540.9,11544.7,-3.72157,-4.04753,-4.05154,0.00401037,14.7582,14.7585,-0.000229832,30.5664,30.5664,-1.58548e-07,0,0,0,30.7888,30.7888,2.52349e-07,-14.5357,-14.536,0.000230242
400,20,1.20213,1.20213,5.58791e-08,37.1595,37.1595,2.56743e-06,-57513.2,-57511.4,-1.85559,-92143,-92144.9,1.97913,0,0,0,-136208,-136205,-3.15003,13447.9,13451.1,-3.27357,-4.366,-4.36998,0.00398059,14.9859,14.9861,-0.000233616,30.6628,30.6628,-2.74598e-07,0,0,0,30.6127,30.6127,4.37057e-07,-15.036,-15.0362,0.000234328
450,20,1.18373,1.18373,-3.72528e-08,33.2999,33.2999,-1.56167e-06,-58872.4,-58870.4,-2.01308,-94326.4,-94328.2,1.84985,0,0,0,-137751,-137748,-2.94427,15448.1,15450.8,-2.78104,-4.66861,-4.67257,0.0039603,15.2189,15.2191,-0.000236062,30.7712,30.7712,2.09324e-07,0,0,0,30.4222,30.4222,-3.33165e-07,-15.5678,-15.5681,0.000235519
500,20,1.1655,1.1655,3.72528e-08,29.9481,29.9481,1.42581e-06,-60279.9,-60277.7,-2.24446,-96559.5,-96561.2,1.72107,0,0,0,-139302,-139299,-2.7393,17537.5,17539.7,-2.21591,-4.95731,-4.96125,0.00393895,15.4569,15.4571,-0.000240735,30.8905,30.8905,-2.37425e-07,0,0,0,30.2176,30.2176,3.77891e-07,-16.1299,-16.1301,0.00024135
550,20,1.14749,1.14749,-1.86264e-08,27.0219,27.0219,-6.51371e-07,-61727.7,-61725.1,-2.57626,-98841.3,-98842.9,1.59186,0,0,0,-140857,-140855,-2.53364,19711.7,19713.3,-1.54923,-5.23344,-5.23735,0.00390825,15.6995,15.6997,-0.000243756,31.0202,31.0202,1.33724e-07,0,0,0,29.999,29.999,-2.12838e-07,-16.7208,-16.721,0.00024341
600,20,1.12974,1.12974,-5.58791e-08,24.4563,24.4563,-1.78692e-06,-63213.2,-63210.2,-2.96679,-101171,-101173,1.46267,0,0,0,-142413,-142411,-2.32802,21971.2,21972,-0.823911,-5.49929,-5.50317,0.00388064,15.9461,15.9463,-0.000247055,31.1597,31.1597,4.49169e-07,0,0,0,29.7666,29.7666,-7.14909e-07,-17.3392,-17.3395,0.000245891
650,20,1.11231,1.11231,-1.11022e-15,22.1986,22.1986,-4.61853e-14,-64739.9,-64736.6,-3.34856,-103548,-103549,1.33389,0,0,0,-143966,-143964,-2.12306,24322.1,24322.2,-0.108386,-5.75798,-5.76185,0.0038728,16.1961,16.1963,-0.000251729,31.3086,31.3086,-5.68434e-14,0,0,0,29.5208,29.5208,3.19744e-14,-17.9839,-17.9842,0.000251729
700,20,1.09521,1.09521,3.33067e-15,20.2056,20.2056,-3.55271e-15,-66310.5,-66306.8,-3.70299,-105971,-105973,1.20488,0,0,0,-145513,-145511,-1.91771,26769.2,26768.6,0.580405,-6.01169,-6.01558,0.0038862,16.449,16.4492,-0.00025566,31.4664,31.4664,-3.90799e-14,0,0,0,29.2619,29.2619,3.55271e-14,-18.6535,-18.6537,0.00025566
750,20,1.07847,1.07847,3.72528e-08,18.4412,18.4412,9.15791e-07,-67924.2,-67920.2,-4.03322,-108441,-108442,1.07607,0,0,0,-147051,-147049,-1.71271,29313.7,29312.5,1.24445,-6.26142,-6.26534,0.0039175,16.7042,16.7045,-0.000260204,31.6327,31.6327,-4.07428e-07,0,0,0,28.9906,28.9906,6.48472e-07,-19.3463,-19.3466,0.00026126
800,20,1.06212,1.06212,3.10862e-15,16.875,16.875,-4.26326e-14,-69578.2,-69573.8,-4.34464,-110955,-110956,0.946841,0,0,0,-148579,-148577,-1.50702,31954.3,31952.4,1.89079,-6.50744,-6.51141,0.00396255,16.9614,16.9616,-0.000263624,31.8068,31.8068,-3.19744e-14,0,0,0,28.7075,28.7075,-2.84217e-14,-20.0607,-20.0609,0.000263624
850,20,1.04617,1.04617,7.45055e-08,15.4813,15.4813,1.54409e-06,-71267.9,-71263.2,-4.64143,-113514,-113514,0.818338,0,0,0,-150094,-150093,-1.30249,34687.6,34685,2.5206,-6.7496,-6.75362,0.00401886,17.22,17.2203,-0.00026887,31.9882,31.9882,-9.78015e-07,0,0,0,28.4136,28.4136,1.55663e-06,-20.7946,-20.7949,0.000271405
900,20,1.03062,1.03062,9.31319e-08,14.2382,14.2382,1.77456e-06,-72987.6,-72982.6,-4.9266,-116116,-116117,0.689506,0,0,0,-151595,-151594,-1.09743,37508.8,37505.6,3.13966,-6.98749,-6.99157,0.00408332,17.4798,17.4801,-0.000273262,32.1761,32.1761,-1.33096e-06,0,0,0,28.1099,28.1099,2.11839e-06,-21.5461,-21.5464,0.000276711
950,20,1.01547,1.01547,1.49011e-07,13.1269,13.1269,2.61275e-06,-74730.8,-74725.6,-5.20232,-118762,-118762,0.561001,0,0,0,-153081,-153080,-0.892903,40411.9,40408.1,3.74842,-7.22056,-7.22472,0.00415413,17.7405,17.7408,-0.000278337,32.3697,32.3697,-2.30909e-06,0,0,0,27.7976,27.7976,3.6752e-06,-22.3126,-22.3129,0.000284321
1000,20,1.00074,1.00074,-1.86264e-08,12.1313,12.1313,-3.00783e-07,-76490.2,-76484.7,-5.47022,-121450,-121450,0.430607,0,0,0,-154550,-154549,-0.685365,43389.9,43385.5,4.35424,-7.44819,-7.45242,0.00422848,18.0018,18.002,-0.000279459,32.5679,32.5679,3.11735e-07,0,0,0,27.4782,27.4782,-4.96166e-07,-23.0915,-23.0917,0.000278651
300,25,1.29015,1.29015,-9.31319e-08,49.7027,49.7027,-5.24384e-06,-53269.6,-53267.5,-2.05726,-84279.4,-84281.6,2.23685,0,0,0,-129491,-129488,-3.56022,8057.61,8061.35,-3.7398,-3.07241,-3.07589,0.00347976,13.9635,13.9638,-0.000216022,30.2735,30.2735,2.49634e-07,0,0,0,31.1999,31.1999,-3.97324e-07,-13.0371,-13.0373,0.000215375
350,25,1.27269,1.27269,-7.45055e-08,44.2813,44.2813,-3.82943e-06,-54484.4,-54482.2,-2.16557,-86345.4,-86347.5,2.10784,0,0,0,-131026,-131023,-3.35489,9803.62,9806.91,-3.29717,-3.43823,-3.44169,0.00345434,14.1551,14.1553,-0.000219178,30.3224,30.3224,2.31404e-07,0,0,0,31.0837,31.0837,-3.68309e-07,-13.3938,-13.394,0.000218578
400,25,1.25546,1.25546,-9.31319e-08,39.6358,39.6358,-4.37034e-06,-55762,-55759.7,-2.3074,-88460.7,-88462.7,1.97876,0,0,0,-132585,-132582,-3.14944,11637.8,11640.6,-2.8208,-3.77833,-3.78177,0.00344086,14.3494,14.3496,-0.000221962,30.3823,30.3823,3.30917e-07,0,0,0,30.9588,30.9588,-5.26695e-07,-13.7728,-13.7731,0.000221104
450,25,1.2384,1.2384,-2.22045e-15,35.6174,35.6174,-2.13163e-14,-57095.6,-57093.1,-2.5043,-90624.3,-90626.1,1.84996,0,0,0,-134161,-134159,-2.94445,13558.4,13560.7,-2.29011,-4.09753,-4.10096,0.00343028,14.547,14.5473,-0.000226099,30.4512,30.4512,-5.68434e-14,0,0,0,30.8256,30.8256,3.55271e-15,-14.1726,-14.1729,0.000226099
500,25,1.22151,1.22151,-9.31319e-08,32.1171,32.1171,-3.64737e-06,-58477,-58474.2,-2.79445,-92834.9,-92836.6,1.72066,0,0,0,-135750,-135748,-2.73865,15561.4,15563.1,-1.66486,-4.39874,-4.40215,0.00340988,14.7481,14.7483,-0.000228099,30.5278,30.5278,4.21044e-07,0,0,0,30.6843,30.6843,-6.70145e-07,-14.5916,-14.5919,0.000227008
550,25,1.20483,1.20483,-3.72527e-08,29.0514,29.0514,-1.33392e-06,-59898.2,-59895,-3.21136,-95091.7,-95093.3,1.5918,0,0,0,-137348,-137345,-2.53355,17642.4,17643.3,-0.913991,-4.68403,-4.68741,0.0033724,14.9523,14.9525,-0.000231935,30.6114,30.6114,1.87892e-07,0,0,0,30.5352,30.5352,-2.99054e-07,-15.0284,-15.0287,0.000231448
600,25,1.18839,1.18839,3.9968e-15,26.3545,26.3545,-3.55271e-15,-61356.8,-61353.1,-3.70238,-97393.8,-97395.2,1.46291,0,0,0,-138949,-138946,-2.3284,19801.8,19801.9,-0.0889337,-4.95629,-4.95963,0.00333376,15.1592,15.1595,-0.000235614,30.7013,30.7013,7.10543e-15,0,0,0,30.3787,30.3787,4.26326e-14,-15.4818,-15.482,0.000235614
650,25,1.1722,1.1722,-8.88178e-16,23.9734,23.9734,-3.19744e-14,-62856.3,-62852.1,-4.18229,-99740.4,-99741.8,1.33389,0,0,0,-140551,-140549,-2.12306,22045.8,22045.1,0.725344,-5.2191,-5.22241,0.00331524,15.3685,15.3688,-0.000238867,30.7969,30.7969,-3.19744e-14,0,0,0,30.2149,30.2149,1.77636e-14,-15.9505,-15.9507,0.000238867
700,25,1.15631,1.15631,7.45055e-08,21.8643,21.8643,2.04733e-06,-64399.2,-64394.6,-4.6276,-102131,-102132,1.20522,0,0,0,-142151,-142149,-1.91826,24379.4,24377.9,1.50413,-5.47502,-5.47834,0.00332005,15.5798,15.58,-0.000243154,30.8978,30.8978,-5.04587e-07,0,0,0,30.0443,30.0443,8.03114e-07,-16.4333,-16.4335,0.000244462
750,25,1.14073,1.14073,7.45055e-08,19.9907,19.9907,1.87713e-06,-65985.2,-65980.2,-5.04231,-104565,-104566,1.07623,0,0,0,-143746,-143744,-1.71296,26804.1,26801.8,2.25311,-5.72537,-5.72872,0.00334375,15.7926,15.7928,-0.000246489,31.0035,31.0035,-5.51414e-07,0,0,0,29.8672,29.8672,8.77644e-07,-16.9288,-16.9291,0.000247918
800,25,1.12547,1.12547,-7.45055e-08,18.322,18.322,-1.72234e-06,-67611.2,-67605.8,-5.4332,-107042,-107043,0.94643,0,0,0,-145334,-145333,-1.50636,29318.7,29315.7,2.98041,-5.97071,-5.97409,0.00338189,16.0066,16.0068,-0.000247725,31.1135,31.1135,6.00054e-07,0,0,0,29.6843,29.6843,-9.55061e-07,-17.4358,-17.4361,0.000246169
850,25,1.11056,1.11056,3.72528e-08,16.8322,16.8322,7.90736e-07,-69272.8,-69267,-5.80558,-109561,-109562,0.818046,0,0,0,-146913,-146912,-1.30202,31920.2,31916.5,3.68551,-6.21111,-6.21454,0.00343226,16.2215,16.2218,-0.000252669,31.2275,31.2275,-3.25188e-07,0,0,0,29.4961,29.4961,5.17578e-07,-17.9529,-17.9532,0.000253511
900,25,1.096,1.096,5.58791e-08,15.4989,15.4989,1.08987e-06,-70964.3,-70958.1,-6.16325,-112122,-112122,0.689169,0,0,0,-148482,-148481,-1.0969,34604.2,34599.8,4.37718,-6.44639,-6.44988,0.00349111,16.437,16.4373,-0.000256312,31.3447,31.3447,-5.26659e-07,0,0,0,29.3032,29.3032,8.38244e-07,-18.4785,-18.4788,0.000257677
950,25,1.08179,1.08179,1.11758e-07,14.3031,14.3031,2.00425e-06,-72679.2,-72672.7,-6.50897,-114724,-114724,0.560572,0,0,0,-150038,-150037,-0.89222,37365.2,37360.2,5.05617,-6.6762,-6.67976,0.00355661,16.6529,16.6532,-0.00026055,31.4648,31.4648,-1.13304e-06,0,0,0,29.1066,29.1066,1.80337e-06,-19.0111,-19.0114,0.000263487
1000,25,1.06794,1.06794,1.11758e-07,13.2284,13.2284,1.84408e-06,-74410.3,-74403.5,-6.84477,-117366,-117367,0.431614,0,0,0,-151580,-151579,-0.686967,40196.9,40191.1,5.72619,-6.90008,-6.90371,0.0036266,16.869,16.8692,-0.000263953,31.587,31.587,-1.21436e-06,0,0,0,28.9071,28.9071,1.9328e-06,-19.5489,-19.5492,0.0002671
300,30,1.33441,1.33441,5.58791e-08,52.2148,52.2148,3.19568e-06,-51629.4,-51627,-2.45375,-80653.7,-80655.9,2.23711,0,0,0,-125779,-125776,-3.56064,6503.91,6507.25,-3.344,-2.47998,-2.48291,0.0029329,13.5003,13.5005,-0.000210395,30.1336,30.1336,-1.16147e-07,0,0,0,31.3641,31.3641,1.84863e-07,-12.2698,-12.2701,0.000210696
350,30,1.31776,1.31776,-5.58791e-08,46.6172,46.6172,-2.92017e-06,-52822.7,-52820.1,-2.58317,-82710.1,-82712.2,2.10789,0,0,0,-127334,-127331,-3.35497,8198.56,8201.44,-2.87969,-2.87532,-2.87825,0.00293172,13.6709,13.6711,-0.000211902,30.1617,30.1617,1.33791e-07,0,0,0,31.2749,31.2749,-2.12945e-07,-12.5577,-12.5579,0.000211555
400,30,1.30142,1.30142,1.86264e-08,41.8119,41.8119,8.89489e-07,-54078.5,-54075.7,-2.75297,-84813.7,-84815.6,1.97902,0,0,0,-128916,-128912,-3.14986,9976.51,9978.88,-2.37591,-3.23898,-3.24192,0.00293596,13.8425,13.8428,-0.000215347,30.1995,30.1995,-5.06966e-08,0,0,0,31.1801,31.1801,8.069e-08,-12.8619,-12.8622,0.000215479
450,30,1.2853,1.2853,3.72528e-08,37.6464,37.6464,1.62598e-06,-55390,-55387,-2.98923,-86963.4,-86965.2,1.85005,0,0,0,-130517,-130514,-2.94459,11836.1,11837.9,-1.80542,-3.57703,-3.57996,0.00293593,14.0161,14.0164,-0.000218254,30.2451,30.2451,-1.14083e-07,0,0,0,31.0801,31.0801,1.81578e-07,-13.1811,-13.1814,0.000218549
500,30,1.26938,1.26938,-3.77476e-15,34.0095,34.0095,1.42109e-14,-56749,-56745.7,-3.33808,-89158.2,-89159.9,1.72095,0,0,0,-132134,-132131,-2.7391,13773.3,13774.4,-1.12196,-3.89329,-3.89621,0.00291861,14.192,14.1922,-0.00022058,30.297,30.297,1.42109e-14,0,0,0,30.9751,30.9751,3.90799e-14,-13.5139,-13.5141,0.00022058
550,30,1.25365,1.25365,5.58791e-08,30.8164,30.8164,2.0398e-06,-58147.5,-58143.6,-3.84004,-91397.3,-91398.9,1.5921,0,0,0,-133761,-133759,-2.53403,15783.7,15784,-0.286086,-4.19055,-4.19343,0.00287587,14.37,14.3703,-0.000223988,30.3542,30.3542,-2.11599e-07,0,0,0,30.8652,30.8652,3.36785e-07,-13.859,-13.8593,0.000224537
600,30,1.23814,1.23814,-2.22045e-16,28.0005,28.0005,3.19744e-14,-59583,-59578.6,-4.43149,-93679.9,-93681.4,1.46291,0,0,0,-135395,-135393,-2.3284,17867.8,17867.2,0.640176,-4.47223,-4.47506,0.00282773,14.5501,14.5503,-0.000226146,30.4162,30.4162,3.55271e-14,0,0,0,30.7509,30.7509,1.42109e-14,-14.2154,-14.2156,0.000226146
650,30,1.22286,1.22286,3.72528e-08,25.508,25.508,1.13958e-06,-61059.2,-61054.2,-5.00948,-96005.4,-96006.7,1.33403,0,0,0,-137033,-137030,-2.12328,20032,20030.4,1.55216,-4.74235,-4.74515,0.00280084,14.7319,14.7321,-0.00022942,30.4822,30.4822,-1.70268e-07,0,0,0,30.6322,30.6322,2.71003e-07,-14.5818,-14.5821,0.000229862
700,30,1.20784,1.20784,-1.86264e-08,23.2946,23.2946,-5.2205e-07,-62578.7,-62573.1,-5.54561,-98373,-98374.2,1.2048,0,0,0,-138670,-138669,-1.91759,22281.3,22278.9,2.42323,-5.00383,-5.00663,0.00279868,14.915,14.9153,-0.000231589,30.5519,30.5519,9.28451e-08,0,0,0,30.5096,30.5096,-1.47775e-07,-14.9574,-14.9576,0.000231348
750,30,1.1931,1.1931,0,21.3234,21.3234,-1.06581e-14,-64141,-64135,-6.04473,-100782,-100783,1.07586,0,0,0,-140306,-140304,-1.71236,24617.3,24614.1,3.25651,-5.25828,-5.26109,0.00281719,15.0993,15.0996,-0.000234683,30.6249,30.6249,1.06581e-14,0,0,0,30.3832,30.3832,3.90799e-14,-15.3409,-15.3412,0.000234683
800,30,1.17865,1.17865,3.72527e-08,19.5634,19.5634,8.78033e-07,-65743.3,-65736.8,-6.51506,-103233,-103234,0.947024,0,0,0,-141937,-141936,-1.50731,27039.1,27035.1,4.06073,-5.50648,-5.50933,0.00285157,15.2844,15.2846,-0.000238043,30.7006,30.7006,-2.18056e-07,0,0,0,30.2536,30.2536,3.47063e-07,-15.7314,-15.7317,0.000238608
850,30,1.16451,1.16451,1.86264e-08,17.9883,17.9883,4.0295e-07,-67381.1,-67374.1,-6.96299,-105724,-105725,0.817923,0,0,0,-143561,-143560,-1.30183,29543.9,29539.1,4.84324,-5.74874,-5.75164,0.00289791,15.47,15.4703,-0.000240692,30.7789,30.7789,-1.17459e-07,0,0,0,30.1211,30.1211,1.86951e-07,-16.1278,-16.1281,0.000240997
900,30,1.15068,1.15068,5.58791e-08,16.5753,16.5753,1.11017e-06,-69048.7,-69041.3,-7.39313,-108256,-108256,0.689129,0,0,0,-145177,-145176,-1.09683,32127.7,32122.1,5.60716,-5.98505,-5.988,0.00295358,15.656,15.6562,-0.000244095,30.8591,30.8591,-3.7824e-07,0,0,0,29.9862,29.9862,6.02017e-07,-16.5289,-16.5292,0.000245076
950,30,1.13716,1.13716,1.86264e-08,15.3051,15.3051,3.40037e-07,-70739.7,-70731.9,-7.8088,-110827,-110828,0.559904,0,0,0,-146782,-146781,-0.891158,34785.2,34778.8,6.35774,-6.21522,-6.21823,0.0030159,15.8421,15.8423,-0.000246487,30.941,30.941,-1.34857e-07,0,0,0,29.8495,29.8495,2.14642e-07,-16.9336,-16.9338,0.000246836
1000,30,1.12396,1.12396,5.58791e-08,14.1609,14.1609,9.37829e-07,-72446.9,-72438.7,-8.21248,-113438,-113439,0.431145,0,0,0,-148375,-148374,-0.686221,37510.4,37503.3,7.09511,-6.43893,-6.44201,0.00308335,16.0281,16.0283,-0.000249915,31.024,31.024,-4.31254e-07,0,0,0,29.7115,29.7115,6.86395e-07,-17.3406,-17.3408,0.000251033
300,35,1.37392,1.37392,-7.45055e-08,54.4896,54.4896,-4.31867e-06,-50039.9,-50037,-2.84526,-77045.1,-77047.3,2.2369,0,0,0,-122046,-122042,-3.5603,5039.12,5042.07,-2.95194,-1.92144,-1.92385,0.00241013,13.1121,13.1123,-0.000203085,30.034,30.034,1.24547e-07,0,0,0,31.4797,31.4797,-1.98232e-07,-11.6665,-11.6667,0.000202762
350,35,1.35779,1.35779,1.86264e-08,48.7243,48.7243,9.87392e-07,-51213.7,-51210.7,-2.99579,-79095,-79097.1,2.10803,0,0,0,-123617,-123613,-3.3552,6691.88,6694.35,-2.46743,-2.34691,-2.34935,0.002434,13.2679,13.2681,-0.000206399,30.0482,30.0482,-3.57186e-08,0,0,0,31.4081,31.4081,5.68506e-08,-11.9079,-11.9081,0.000206492
400,35,1.34208,1.34208,-1.86264e-08,43.7682,43.7682,-9.02898e-07,-52450,-52446.8,-3.19355,-81190.1,-81192.1,1.97894,0,0,0,-125216,-125213,-3.14973,8424.25,8426.18,-1.93513,-2.73502,-2.73748,0.00245605,13.4232,13.4234,-0.000208445,30.0716,30.0716,4.04175e-08,0,0,0,31.3327,31.3327,-6.43295e-08,-12.162,-12.1622,0.00020834
450,35,1.32664,1.32664,-4.65659e-08,39.4649,39.4649,-2.06427e-06,-53741.9,-53738.4,-3.46912,-83329.8,-83331.6,1.84986,0,0,0,-126837,-126834,-2.94428,10234.6,10235.9,-1.32501,-3.09303,-3.0955,0.00246727,13.5794,13.5796,-0.000210582,30.102,30.102,1.13141e-07,0,0,0,31.2539,31.2539,-1.80079e-07,-12.4275,-12.4278,0.000210289
500,35,1.31142,1.31142,-4.65659e-08,35.7009,35.7009,-1.8882e-06,-55081,-55077.1,-3.87664,-85513,-85514.7,1.72083,0,0,0,-128475,-128472,-2.73891,12119,12119.6,-0.5831,-3.42566,-3.42811,0.00245374,13.737,13.7372,-0.000213021,30.1381,30.1381,1.25626e-07,0,0,0,31.1717,31.1717,-1.99949e-07,-12.7034,-12.7036,0.000212695
550,35,1.29641,1.29641,1.86264e-08,32.39,32.39,6.91085e-07,-56459.4,-56454.9,-4.4636,-87739,-87740.6,1.59198,0,0,0,-130125,-130123,-2.53384,14073,14072.6,0.337785,-3.73635,-3.73876,0.00240666,13.8961,13.8963,-0.000216181,30.1787,30.1787,-5.54072e-08,0,0,0,31.0864,31.0864,8.81874e-08,-12.9884,-12.9886,0.000216325
600,35,1.2816,1.2816,1.86264e-08,29.4645,29.4645,6.32589e-07,-57874.6,-57869.5,-5.15545,-90007.1,-90008.6,1.46297,0,0,0,-131785,-131782,-2.3285,16097.2,16095.9,1.36398,-4.02906,-4.03141,0.00235034,14.0567,14.0569,-0.000218682,30.2232,30.2232,-6.07304e-08,0,0,0,30.9982,30.9982,9.666e-08,-13.2817,-13.2819,0.000218839
650,35,1.26701,1.26701,3.72528e-08,26.8697,26.8697,1.15859e-06,-59330.3,-59324.5,-5.83147,-92316.7,-92318,1.33402,0,0,0,-133449,-133447,-2.12326,18198.1,18195.8,2.37418,-4.30821,-4.31052,0.00231604,14.2186,14.2188,-0.000221411,30.2709,30.2709,-1.32438e-07,0,0,0,30.9072,30.9072,2.10792e-07,-13.5823,-13.5825,0.000221755
700,35,1.25266,1.25266,-5.58791e-08,24.5611,24.5611,-1.59222e-06,-60829.2,-60822.8,-6.45839,-94667.2,-94668.4,1.20466,0,0,0,-135116,-135114,-1.91737,20380.9,20377.6,3.33635,-4.57705,-4.57935,0.00230833,14.3815,14.3817,-0.000222884,30.3215,30.3215,2.15604e-07,0,0,0,30.8137,30.8137,-3.43162e-07,-13.8892,-13.8895,0.000222325
750,35,1.23856,1.23856,1.86264e-08,22.5011,22.5011,4.8649e-07,-62370.8,-62363.8,-7.0419,-97058.1,-97059.2,1.07593,0,0,0,-136782,-136780,-1.71248,22647.2,22643,4.25348,-4.83746,-4.83978,0.00232294,14.5451,14.5454,-0.000226288,30.3746,30.3746,-7.76687e-08,0,0,0,30.718,30.718,1.23619e-07,-14.2017,-14.202,0.000226489
800,35,1.22473,1.22473,7.45055e-08,20.6582,20.6582,1.78458e-06,-63952.3,-63944.7,-7.59162,-99489.1,-99490,0.947175,0,0,0,-138445,-138444,-1.50755,24996.3,24991.2,5.1369,-5.09046,-5.09282,0.00235431,14.7094,14.7096,-0.000229517,30.4297,30.4297,-3.34431e-07,0,0,0,30.6203,30.6203,5.32288e-07,-14.5189,-14.5191,0.000230384
850,35,1.21117,1.21117,-1.86264e-08,19.0058,19.0058,-4.09341e-07,-65569.2,-65561.1,-8.11507,-101960,-101960,0.817732,0,0,0,-140103,-140102,-1.30152,27425.5,27419.6,5.99581,-5.33653,-5.33893,0.00239808,14.874,14.8742,-0.000230952,30.4866,30.4866,8.96684e-08,0,0,0,30.5209,30.5209,-1.42718e-07,-14.8397,-14.84,0.00023072
900,35,1.19791,1.19791,-1.86264e-08,17.5208,17.5208,-3.75746e-07,-67215.9,-67207.3,-8.61764,-104469,-104470,0.688708,0,0,0,-141754,-141753,-1.09616,29931.1,29924.3,6.83277,-5.57585,-5.5783,0.00245171,15.0387,15.039,-0.000233507,30.5449,30.5449,9.58304e-08,0,0,0,30.4202,30.4202,-1.52526e-07,-15.1634,-15.1637,0.000233259
950,35,1.18493,1.18493,-8.88178e-16,16.1836,16.1836,4.61853e-14,-68886,-68876.9,-9.10325,-107018,-107019,0.559788,0,0,0,-143396,-143395,-0.890973,32508,32500.3,7.65248,-5.80834,-5.81086,0.00251255,15.2034,15.2037,-0.000236301,30.6043,30.6043,-2.84217e-14,0,0,0,30.3186,30.3186,-1.06581e-14,-15.4891,-15.4893,0.000236301
1000,35,1.17224,1.17224,-3.72528e-08,14.9769,14.9769,-6.34013e-07,-70572.3,-70562.7,-9.57478,-109606,-109606,0.430545,0,0,0,-145028,-145027,-0.685265,35150.5,35142,8.45897,-6.03384,-6.03641,0.00257842,15.368,15.3682,-0.00023837,30.6643,30.6643,2.16719e-07,0,0,0,30.2165,30.2165,-3.44935e-07,-15.8158,-15.816,0.000237808
300,40,1.40978,1.40978,3.72528e-08,56.5807,56.5807,2.18517e-06,-48493.3,-48492.5,-0.850321,-73448.9,-73451.1,2.23707,0,0,0,-118297,-118294,-3.56058,3644.94,3649.89,-4.94733,-1.38984,-1.39265,0.00281631,12.7786,12.7788,-0.00019895,29.9597,29.9597,-5.14529e-08,0,0,0,31.5651,31.5651,8.18938e-08,-11.1732,-11.1734,0.000199083
350,40,1.39398,1.39398,4.65659e-08,50.6545,50.6545,2.49966e-06,-49649.2,-49648.2,-0.994958,-75494.4,-75496.5,2.10808,0,0,0,-119881,-119878,-3.35527,5262.38,5266.85,-4.46838,-1.84557,-1.84838,0.00280126,12.9235,12.9237,-0.000201296,29.964,29.964,-7.35636e-08,0,0,0,31.5058,31.5058,1.17086e-07,-11.3817,-11.3819,0.000201487
400,40,1.3787,1.3787,-3.72528e-08,45.5551,45.5551,-1.8296e-06,-50867.7,-50866.5,-1.19397,-77583.5,-77585.5,1.97891,0,0,0,-121495,-121492,-3.14968,6956.49,6960.42,-3.93462,-2.2585,-2.26129,0.00278726,13.0666,13.0668,-0.000202736,29.9773,29.9773,6.63654e-08,0,0,0,31.4437,31.4437,-1.05629e-07,-11.6002,-11.6004,0.000202564
450,40,1.36377,1.36377,1.9984e-15,41.1218,41.1218,-3.55271e-14,-52141.7,-52140.3,-1.48217,-79715.6,-79717.4,1.84996,0,0,0,-123132,-123129,-2.94445,8725.7,8729.01,-3.31224,-2.63702,-2.63978,0.00276356,13.2097,13.2099,-0.000205314,29.9973,29.9973,3.19744e-14,0,0,0,31.3793,31.3793,-3.55271e-15,-11.8278,-11.828,0.000205314
500,40,1.34908,1.34908,2.79396e-08,37.2385,37.2385,1.14873e-06,-53462.9,-53461,-1.92152,-81889.9,-81891.7,1.72101,0,0,0,-124787,-124784,-2.73921,10566.1,10568.6,-2.53869,-2.9867,-2.98941,0.00271362,13.3535,13.3537,-0.000207825,30.0225,30.0225,-6.14241e-08,0,0,0,31.3126,31.3126,9.77642e-08,-12.0635,-12.0637,0.000207985
550,40,1.33461,1.33461,6.51923e-08,33.8175,33.8175,2.45311e-06,-54823.1,-54820.6,-2.56648,-84105.9,-84107.5,1.5921,0,0,0,-126456,-126453,-2.53403,12473.3,12474.8,-1.55965,-3.31164,-3.31427,0.00262699,13.4983,13.4986,-0.000210459,30.0518,30.0518,-1.57427e-07,0,0,0,31.2438,31.2438,2.50565e-07,-12.3064,-12.3067,0.000210867
600,40,1.32034,1.32034,-3.72528e-08,30.7898,30.7898,-1.28329e-06,-56220.1,-56216.8,-3.3315,-86362.8,-86364.3,1.4628,0,0,0,-128135,-128133,-2.32823,14448,14448.5,-0.459535,-3.61628,-3.61881,0.00253127,13.6442,13.6444,-0.000211681,30.0846,30.0846,9.82247e-08,0,0,0,31.1729,31.1729,-1.56337e-07,-12.5558,-12.556,0.000211427
650,40,1.30629,1.30629,-5.58791e-08,28.1003,28.1003,-1.76282e-06,-57657.4,-57653.3,-4.07817,-88660.1,-88661.4,1.33371,0,0,0,-129821,-129819,-2.12277,16496.8,16496.2,0.621679,-3.90543,-3.90789,0.00246209,13.791,13.7912,-0.000213757,30.1202,30.1202,1.60045e-07,0,0,0,31.1003,31.1003,-2.54731e-07,-12.8108,-12.811,0.000213343
700,40,1.29246,1.29246,5.58791e-08,25.7035,25.7035,1.61496e-06,-59137.8,-59133,-4.76835,-90997.2,-90998.4,1.20507,0,0,0,-131510,-131508,-1.91802,18624.8,18623.2,1.64526,-4.18268,-4.1851,0.00242487,13.9385,13.9387,-0.000217243,30.1581,30.1581,-1.7305e-07,0,0,0,31.026,31.026,2.75431e-07,-13.0706,-13.0708,0.000217692
750,40,1.27887,1.27887,3.72527e-08,23.5615,23.5615,9.86716e-07,-60660.8,-60655.4,-5.4086,-93373.8,-93374.9,1.076,0,0,0,-133201,-133199,-1.71259,20834,20831.4,2.62001,-4.45015,-4.45257,0.00241331,14.0866,14.0868,-0.000219353,30.1981,30.1981,-1.24222e-07,0,0,0,30.9503,30.9503,1.97714e-07,-13.3345,-13.3347,0.000219675
800,40,1.26553,1.26553,-1.86264e-08,21.6425,21.6425,-4.52329e-07,-62223.6,-62217.6,-6.01001,-95789.4,-95790.4,0.946763,0,0,0,-134889,-134888,-1.50689,23123.6,23120,3.55636,-4.70909,-4.71151,0.00242159,14.2351,14.2353,-0.000221041,30.2398,30.2398,6.66211e-08,0,0,0,30.8733,30.8733,-1.06036e-07,-13.6016,-13.6018,0.000220868
850,40,1.25245,1.25245,-2.79396e-08,19.9191,19.9191,-6.22307e-07,-63821.8,-63815.2,-6.58124,-98243.8,-98244.6,0.817698,0,0,0,-136575,-136573,-1.30147,25491.2,25486.7,4.46207,-4.96014,-4.96258,0.00244523,14.3838,14.384,-0.000223241,30.2828,30.2828,1.06803e-07,0,0,0,30.7953,30.7953,-1.6999e-07,-13.8714,-13.8716,0.000222964
900,40,1.23963,1.23963,6.51923e-08,18.3681,18.3681,1.3323e-06,-65449.9,-65442.7,-7.1285,-100737,-100737,0.689122,0,0,0,-138254,-138252,-1.09682,27933,27927.6,5.34255,-5.20362,-5.2061,0.00248081,14.5325,14.5327,-0.000226637,30.3269,30.3269,-2.65433e-07,0,0,0,30.7165,30.7165,4.2247e-07,-14.1429,-14.1431,0.000227325
950,40,1.22709,1.22709,1.9984e-15,16.9695,16.9695,3.90799e-14,-67101.3,-67093.6,-7.65631,-103268,-103268,0.559788,0,0,0,-139925,-139924,-0.890973,30444.3,30438.1,6.20555,-5.43962,-5.44214,0.0025249,14.6811,14.6813,-0.000228183,30.3719,30.3719,3.90799e-14,0,0,0,30.6374,30.6374,-1.42109e-14,-14.4156,-14.4158,0.000228183
1000,40,1.21481,1.21481,5.58791e-08,15.7057,15.7057,9.62353e-07,-68769,-68760.8,-8.16802,-105837,-105837,0.431083,0,0,0,-141586,-141585,-0.686122,33019.6,33012.6,7.05082,-5.66806,-5.67063,0.00257591,14.8294,14.8297,-0.00023117,30.4173,30.4173,-2.55609e-07,0,0,0,30.5582,30.5582,4.06834e-07,-14.6885,-14.6888,0.000231833
300,45,1.44275,1.44275,2.79396e-08,58.5249,58.5249,1.65645e-06,-46984,-46983,-0.990044,-69862,-69864.3,2.23705,0,0,0,-114537,-114534,-3.56055,2308.89,2313.7,-4.80756,-0.880394,-0.882817,0.0024226,12.4866,12.4868,-0.000194316,29.9023,29.9023,-3.25549e-08,0,0,0,31.6307,31.6307,5.18152e-08,-10.7581,-10.7583,0.0001944
350,45,1.42712,1.42712,1.86264e-08,52.4436,52.4436,1.01114e-06,-48123.1,-48121.9,-1.15408,-71904.7,-71906.8,2.10803,0,0,0,-116132,-116129,-3.35519,3895.77,3900.08,-4.30914,-1.36629,-1.36871,0.00242514,12.6234,12.6236,-0.000196365,29.8992,29.8992,-2.4772e-08,0,0,0,31.5801,31.5801,3.94276e-08,-10.9424,-10.9426,0.000196429
400,45,1.41214,1.41214,-5.58791e-08,47.2071,47.2071,-2.77657e-06,-49325.1,-49323.7,-1.37958,-73989.4,-73991.4,1.97888,0,0,0,-117758,-117754,-3.14964,5556.92,5560.67,-3.74893,-1.80411,-1.80654,0.00242334,12.7572,12.7574,-0.000197776,29.9051,29.9051,8.35885e-08,0,0,0,31.5277,31.5277,-1.33041e-07,-11.1346,-11.1348,0.000197559
450,45,1.39757,1.39757,1.86264e-08,42.6501,42.6501,8.4706e-07,-50582.6,-50580.9,-1.7058,-76115.8,-76117.6,1.85,0,0,0,-119408,-119405,-2.94451,7290.81,7293.9,-3.08871,-2.20338,-2.20579,0.00240623,12.8902,12.8904,-0.000200519,29.9176,29.9176,-3.09965e-08,0,0,0,31.4736,31.4736,4.93348e-08,-11.3341,-11.3343,0.000200599
500,45,1.38329,1.38329,1.86264e-08,38.6539,38.6539,7.75268e-07,-51887.3,-51885.1,-2.20261,-78283.3,-78285,1.72099,0,0,0,-121077,-121074,-2.73917,9093.56,9095.82,-2.25755,-2.57047,-2.57282,0.00235599,13.0233,13.0235,-0.000202591,29.935,29.935,-3.41853e-08,0,0,0,31.4179,31.4179,5.44102e-08,-11.5403,-11.5405,0.000202679
550,45,1.36925,1.36925,-9.31318e-09,35.1291,35.1291,-3.54826e-07,-53230.9,-53228,-2.93142,-80491.3,-80492.9,1.5919,0,0,0,-122761,-122759,-2.53372,10960.8,10962,-1.1942,-2.91009,-2.91235,0.00226161,13.1569,13.1571,-0.000204402,29.9562,29.9562,1.87182e-08,0,0,0,31.3607,31.3607,-2.97923e-08,-11.7524,-11.7526,0.000204354
600,45,1.35541,1.35541,-6.51923e-08,32.0056,32.0056,-2.27403e-06,-54611.2,-54607.4,-3.79574,-82739.3,-82740.7,1.46273,0,0,0,-124457,-124455,-2.32812,12893.5,12893.5,0.00488666,-3.22718,-3.22934,0.00215498,13.2911,13.2913,-0.00020594,29.9807,29.9807,1.42634e-07,0,0,0,31.3022,31.3022,-2.2702e-07,-11.9696,-11.9698,0.00020557
650,45,1.34179,1.34179,6.51923e-08,29.2273,29.2273,2.08252e-06,-56031.7,-56027,-4.63938,-85026.7,-85028,1.33409,0,0,0,-126160,-126158,-2.12337,14898,14896.8,1.18192,-3.52693,-3.52901,0.00207648,13.4261,13.4263,-0.000209329,30.0076,30.0076,-1.5447e-07,0,0,0,31.2423,31.2423,2.45859e-07,-12.1914,-12.1916,0.000209729
700,45,1.32839,1.32839,2.79396e-08,26.7482,26.7482,8.17577e-07,-57495.2,-57489.7,-5.41931,-87353.1,-87354.3,1.20497,0,0,0,-127869,-127867,-1.91786,16979.7,16977.4,2.29649,-3.81322,-3.81525,0.00203168,13.5616,13.5618,-0.000211067,30.0368,30.0368,-7.13687e-08,0,0,0,31.1814,31.1814,1.13592e-07,-12.4169,-12.4171,0.000211252
750,45,1.31521,1.31521,3.72528e-08,24.5298,24.5298,9.98889e-07,-59001.2,-58995.1,-6.14293,-89718.2,-89719.3,1.07599,0,0,0,-129579,-129577,-1.71257,19140.6,19137.2,3.35437,-4.08844,-4.09045,0.00201466,13.6975,13.6977,-0.000213282,30.0676,30.0676,-1.02164e-07,0,0,0,31.1195,31.1195,1.62606e-07,-12.6456,-12.6458,0.000213547
800,45,1.30226,1.30226,5.58791e-08,22.5398,22.5398,1.37339e-06,-60547.1,-60540.3,-6.82275,-92121.5,-92122.5,0.947057,0,0,0,-131289,-131287,-1.50736,21380,21375.6,4.36833,-4.354,-4.35602,0.00201887,13.8336,13.8338,-0.000215604,30.1,30.1,-1.63906e-07,0,0,0,31.0568,31.0568,2.60876e-07,-12.8768,-12.877,0.000216029
850,45,1.28956,1.28956,1.86264e-08,20.7506,20.7506,4.19752e-07,-62128.3,-62120.8,-7.46852,-94562.9,-94563.7,0.817901,0,0,0,-132996,-132994,-1.30179,23695.6,23690.2,5.34883,-4.61075,-4.61279,0.00203913,13.9698,13.9701,-0.00021733,30.1335,30.1335,-5.82298e-08,0,0,0,30.9935,30.9935,9.268e-08,-13.1099,-13.1101,0.00021748
900,45,1.27712,1.27712,3.72528e-08,19.1385,19.1385,7.69963e-07,-63739.3,-63731.2,-8.08726,-97042,-97042.7,0.688974,0,0,0,-134698,-134696,-1.09659,26083.8,26077.5,6.3017,-4.85914,-4.86121,0.00207185,14.106,14.1062,-0.000219656,30.1679,30.1679,-1.23708e-07,0,0,0,30.9298,30.9298,1.96897e-07,-13.3441,-13.3444,0.000219976
950,45,1.26492,1.26492,3.72528e-08,17.683,17.683,7.06375e-07,-65373.8,-65365.1,-8.68407,-99558.7,-99559.3,0.559969,0,0,0,-136392,-136392,-0.89126,28540.1,28532.9,7.23284,-5.09939,-5.1015,0.0021139,14.242,14.2422,-0.000221777,30.2029,30.2029,-1.3099e-07,0,0,0,30.8659,30.8659,2.08486e-07,-13.579,-13.5793,0.000222116
1000,45,1.25299,1.25299,5.58791e-08,16.3665,16.3665,9.72293e-07,-67024.5,-67015.2,-9.26272,-102113,-102113,0.431061,0,0,0,-138078,-138078,-0.686088,31059,31050.9,8.14557,-5.33151,-5.33367,0.002163,14.3776,14.3779,-0.000224107,30.2384,30.2384,-2.07409e-07,0,0,0,30.8022,30.8022,3.30117e-07,-13.8139,-13.8141,0.000224645
300,50,1.47336,1.47336,3.72527e-08,60.3485,60.3485,2.23011e-06,-45507.6,-45506.5,-1.13293,-66282.5,-66284.8,2.23706,0,0,0,-110768,-110765,-3.56057,1021.96,1026.63,-4.6647,-0.38968,-0.39172,0.00204023,12.2272,12.2274,-0.000190351,29.8566,29.8566,-3.72289e-08,0,0,0,31.6824,31.6824,5.92545e-08,-10.4013,-10.4015,0.000190448
350,50,1.45778,1.45778,-5.58791e-08,54.1167,54.1167,-3.06434e-06,-46630.7,-46629.4,-1.31632,-68323.6,-68325.7,2.10791,0,0,0,-112372,-112369,-3.35501,2581.84,2585.98,-4.1466,-0.905478,-0.907538,0.00206021,12.3578,12.358,-0.000191599,29.8479,29.8479,6.36474e-08,0,0,0,31.6385,31.6385,-1.01303e-07,-10.5672,-10.5674,0.000191434
400,50,1.44299,1.44299,-5.58791e-08,48.7483,48.7483,-2.80592e-06,-47817.2,-47815.6,-1.5683,-70405.1,-70407.1,1.97889,0,0,0,-114008,-114005,-3.14964,4214.03,4217.59,-3.56023,-1.36813,-1.3702,0.00207074,12.4845,12.4846,-0.000193557,29.8482,29.8482,7.1448e-08,0,0,0,31.5933,31.5933,-1.13718e-07,-10.7394,-10.7396,0.000193372
450,50,1.4287,1.4287,-1.86264e-08,44.0731,44.0731,-8.56254e-07,-49059.3,-49057.4,-1.93253,-72527.1,-72529,1.84993,0,0,0,-115669,-115667,-2.94439,5916.99,5919.85,-2.86179,-1.78819,-1.79025,0.00206021,12.6094,12.6096,-0.000195819,29.8549,29.8549,2.64354e-08,0,0,0,31.5469,31.5469,-4.20752e-08,-10.9175,-10.9177,0.00019575
500,50,1.41473,1.41473,-3.10862e-15,39.9695,39.9695,4.26326e-14,-50348.6,-50346.1,-2.48679,-74689.2,-74690.9,1.72095,0,0,0,-117351,-117348,-2.7391,7686.87,7688.84,-1.97325,-2.17284,-2.17485,0.0020099,12.7339,12.7341,-0.000197918,29.8665,29.8665,2.4869e-14,0,0,0,31.4993,31.4993,4.61853e-14,-11.1011,-11.1013,0.000197918
550,50,1.40102,1.40102,4.65659e-08,36.3462,36.3462,1.79398e-06,-51676.8,-51673.5,-3.29948,-76890.8,-76892.4,1.59204,0,0,0,-119048,-119046,-2.53393,9519.38,9520.21,-0.826484,-2.52739,-2.52929,0.00190822,12.8585,12.8587,-0.000200282,29.8818,29.8818,-7.94368e-08,0,0,0,31.4507,31.4507,1.26434e-07,-11.2896,-11.2898,0.000200488
600,50,1.38753,1.38753,1.86264e-08,33.1321,33.1321,6.57024e-07,-53041.6,-53037.3,-4.2631,-79131.6,-79133,1.46296,0,0,0,-120758,-120755,-2.32848,11415.4,11414.9,0.471663,-2.85723,-2.85902,0.00179089,12.9835,12.9837,-0.000201972,29.9001,29.9001,-3.45047e-08,0,0,0,31.4011,31.4011,5.49187e-08,-11.4825,-11.4827,0.000202062
650,50,1.37425,1.37425,-3.72528e-08,30.2701,30.2701,-1.20335e-06,-54446.5,-54441.3,-5.20372,-81411,-81412.3,1.33379,0,0,0,-122476,-122474,-2.12289,13381.5,13379.8,1.74705,-3.16793,-3.16963,0.00170274,13.1089,13.1091,-0.000203392,29.9208,29.9208,7.45538e-08,0,0,0,31.3507,31.3507,-1.18662e-07,-11.679,-11.6792,0.000203199
700,50,1.36119,1.36119,-2.79396e-08,27.7135,27.7135,-8.26667e-07,-55894.5,-55888.4,-6.07342,-83728.6,-83729.8,1.20479,0,0,0,-124200,-124198,-1.91757,15423.1,15420.2,2.95106,-3.46365,-3.4653,0.00165101,13.2347,13.2349,-0.00020543,29.9434,29.9434,6.01342e-08,0,0,0,31.2994,31.2994,-9.5711e-08,-11.8787,-11.8789,0.000205275
750,50,1.34835,1.34835,-1.86264e-08,25.4234,25.4234,-5.04914e-07,-57384.9,-57378,-6.88042,-86084.2,-86085.3,1.0758,0,0,0,-125927,-125925,-1.71226,17542.2,17538.1,4.09236,-3.74702,-3.74865,0.00162881,13.3608,13.361,-0.000207477,29.9676,29.9676,4.29387e-08,0,0,0,31.2475,31.2475,-6.83423e-08,-12.0809,-12.0811,0.000207365
800,50,1.33574,1.33574,-5.58791e-08,23.3669,23.3669,-1.38811e-06,-58915.1,-58907.4,-7.63866,-88477.4,-88478.3,0.946637,0,0,0,-127654,-127653,-1.50669,19738.3,19733.1,5.18533,-4.01967,-4.0213,0.001629,13.487,13.4872,-0.000209058,29.9932,29.9932,1.37457e-07,0,0,0,31.1951,31.1951,-2.1878e-07,-12.2851,-12.2853,0.000208702
850,50,1.32335,1.32335,-3.33067e-15,21.516,21.516,-4.26326e-14,-60480.6,-60472.3,-8.35899,-90908,-90908.8,0.817823,0,0,0,-129379,-129378,-1.30167,22009.1,22002.9,6.2395,-4.28259,-4.28424,0.00164645,13.6131,13.6134,-0.000211584,30.0198,30.0198,-2.13163e-14,0,0,0,31.1423,31.1423,-7.10543e-15,-12.4906,-12.4908,0.000211584
900,50,1.31121,1.31121,5.58791e-08,19.8468,19.8468,1.16654e-06,-62076,-62067,-9.04922,-93375.8,-93376.5,0.689043,0,0,0,-131101,-131099,-1.0967,24351.2,24344,7.26348,-4.53638,-4.53805,0.00167691,13.7392,13.7394,-0.000214128,30.0473,30.0473,-1.54926e-07,0,0,0,31.0894,31.0894,2.46584e-07,-12.6971,-12.6973,0.00021453
950,50,1.29931,1.29931,-9.31319e-09,18.3383,18.3383,-1.7829e-07,-63694.9,-63685.1,-9.71504,-95880.6,-95881.2,0.559746,0,0,0,-132815,-132814,-0.890905,26760.1,26751.9,8.26439,-4.78135,-4.78307,0.00171698,13.865,13.8652,-0.000215399,30.0753,30.0753,2.72824e-08,0,0,0,31.0364,31.0364,-4.34234e-08,-12.9038,-12.904,0.000215328
1000,50,1.28766,1.28766,-5.58791e-08,16.9727,16.9727,-9.81147e-07,-65330,-65319.6,-10.3606,-98422.4,-98422.8,0.430498,0,0,0,-134522,-134521,-0.685192,29230.6,29221.3,9.24495,-5.01764,-5.01941,0.00176445,13.9905,13.9907,-0.000216841,30.1036,30.1036,1.7244e-07,0,0,0,30.9837,30.9837,-2.7446e-07,-13.1104,-13.1106,0.000216394
300,55,1.502,1.502,-9.31319e-09,62.071,62.071,-5.62505e-07,-44060.6,-44059.3,-1.27863,-62708.9,-62711.2,2.237,0,0,0,-106992,-106989,-3.56047,-222.6,-218.081,-4.51884,0.0848786,0.0832111,0.0016675,11.994,11.9942,-0.000186343,29.8194,29.8194,8.09078e-09,0,0,0,31.7242,31.7242,-1.28775e-08,-10.0892,-10.0893,0.000186322
350,55,1.48638,1.48638,-9.31319e-09,55.6926,55.6926,-5.15482e-07,-45168.3,-45166.9,-1.48133,-64749.2,-64751.3,2.10798,0,0,0,-108605,-108601,-3.35512,1313.02,1317,-3.98177,-0.46049,-0.462195,0.00170506,12.12,12.1202,-0.000188301,29.8064,29.8064,9.2128e-09,0,0,0,31.6855,31.6855,-1.46634e-08,-10.2409,-10.2411,0.000188277
400,55,1.4717,1.4717,-9.31319e-09,50.1967,50.1967,-4.72155e-07,-46340,-46338.3,-1.75976,-66828.6,-66830.6,1.97897,0,0,0,-110249,-110246,-3.14977,2919.33,2922.7,-3.36897,-0.947792,-0.94952,0.00172776,12.2409,12.2411,-0.000190178,29.8023,29.8023,1.03265e-08,0,0,0,31.6458,31.6458,-1.64359e-08,-10.3974,-10.3976,0.000190152
450,55,1.45759,1.45759,-1.86264e-08,45.408,45.408,-8.64699e-07,-47567.6,-47565.5,-2.16199,-68947.3,-68949.1,1.84993,0,0,0,-111920,-111917,-2.94439,4594.76,4597.39,-2.63234,-1.3886,-1.39032,0.00172383,12.3594,12.3596,-0.00019194,29.8046,29.8046,2.28838e-08,0,0,0,31.6052,31.6052,-3.64225e-08,-10.5588,-10.559,0.000191881
500,55,1.44386,1.44386,1.86264e-08,41.2016,41.2016,7.91702e-07,-48842.5,-48839.7,-2.77371,-71105,-71106.7,1.72098,0,0,0,-113612,-113609,-2.73916,6335.45,6337.13,-1.68644,-1.79083,-1.79251,0.00167354,12.477,12.4772,-0.000194086,29.8116,29.8116,-2.51302e-08,0,0,0,31.5639,31.5639,3.99977e-08,-10.7247,-10.7249,0.000194151
550,55,1.43041,1.43041,1.86264e-08,37.4845,37.4845,7.24856e-07,-50156.2,-50152.6,-3.67027,-73301.5,-73303,1.59197,0,0,0,-115321,-115318,-2.53382,8137.16,8137.62,-0.45552,-2.16041,-2.16197,0.00156447,12.5943,12.5945,-0.000195912,29.8223,29.8223,-2.73986e-08,0,0,0,31.5218,31.5218,4.36082e-08,-10.8948,-10.895,0.000195983
600,55,1.4172,1.4172,4.44089e-15,34.1842,34.1842,-1.42109e-14,-51506.6,-51501.8,-4.7332,-75536.3,-75537.7,1.46291,0,0,0,-117042,-117040,-2.3284,10000.8,9999.88,0.941888,-2.50316,-2.5046,0.00143655,12.7116,12.7118,-0.000197572,29.8359,29.8359,2.84217e-14,0,0,0,31.479,31.479,2.4869e-14,-11.0686,-11.0688,0.000197572
650,55,1.40421,1.40421,4.65659e-08,31.2428,31.2428,1.5194e-06,-52897,-52891.2,-5.77082,-77809,-77810.3,1.33402,0,0,0,-118773,-118771,-2.12326,11933,11930.7,2.31354,-2.82501,-2.82635,0.00133942,12.8292,12.8294,-0.000199825,29.8518,29.8518,-8.00342e-08,0,0,0,31.4356,31.4356,1.27384e-07,-11.2454,-11.2456,0.000200033
700,55,1.39144,1.39144,3.72528e-08,28.6129,28.6129,1.11326e-06,-54330.4,-54323.6,-6.73029,-80119.3,-80120.5,1.20498,0,0,0,-120510,-120509,-1.91788,13939.3,13935.6,3.60742,-3.13041,-3.13169,0.00128087,12.947,12.9472,-0.000201577,29.8695,29.8695,-6.87208e-08,0,0,0,31.3917,31.3917,1.09378e-07,-11.4249,-11.4251,0.000201755
750,55,1.37888,1.37888,5.58791e-08,26.255,26.255,1.52966e-06,-55806.3,-55798.6,-7.62069,-82467,-82468,1.07604,0,0,0,-122252,-122250,-1.71265,16021.6,16016.8,4.83201,-3.42222,-3.42348,0.00125371,13.065,13.0652,-0.000203593,29.8888,29.8888,-1.1019e-07,0,0,0,31.3473,31.3473,1.75382e-07,-11.6065,-11.6067,0.000203879
800,55,1.36654,1.36654,-2.44249e-15,24.1358,24.1358,-3.55271e-15,-57321.9,-57313.4,-8.45735,-84851.6,-84852.6,0.946841,0,0,0,-123994,-123992,-1.50702,18179.6,18173.6,6.0035,-3.70225,-3.7035,0.00125019,13.1829,13.1831,-0.000204897,29.9093,29.9093,-7.10543e-15,0,0,0,31.3026,31.3026,1.06581e-14,-11.7897,-11.7899,0.000204897
850,55,1.35442,1.35442,-5.58791e-08,22.2268,22.2268,-1.28425e-06,-58872.8,-58863.6,-9.25225,-87273.2,-87274,0.817615,0,0,0,-125735,-125734,-1.30134,20411.1,20404,7.1333,-3.97165,-3.97291,0.00126466,13.3009,13.3011,-0.000206181,29.9308,29.9308,1.24559e-07,0,0,0,31.2577,31.2577,-1.98252e-07,-11.9739,-11.9741,0.000205858
900,55,1.34254,1.34254,4.65659e-08,20.5038,20.5038,9.80863e-07,-60453.7,-60443.7,-10.014,-89731.4,-89732.1,0.688992,0,0,0,-127472,-127471,-1.09662,22712.8,22704.5,8.22839,-4.23115,-4.23244,0.0012931,13.4186,13.4188,-0.000209025,29.953,29.953,-1.09817e-07,0,0,0,31.2127,31.2127,1.74787e-07,-12.1588,-12.1591,0.00020931
950,55,1.33089,1.33089,-3.72528e-08,18.9455,18.9455,-7.19291e-07,-62058,-62047.2,-10.7488,-92226.2,-92226.8,0.559628,0,0,0,-129204,-129203,-0.890718,25080.2,25070.9,9.29849,-4.48118,-4.48251,0.00133153,13.536,13.5362,-0.000210006,29.9757,29.9757,9.26618e-08,0,0,0,31.1678,31.1678,-1.47483e-07,-12.3439,-12.3441,0.000209766
1000,55,1.31948,1.31948,-4.65659e-08,17.5337,17.5337,-8.24278e-07,-63678.7,-63667.2,-11.4614,-94757.6,-94758,0.430556,0,0,0,-130928,-130927,-0.685284,27508.1,27497.8,10.3456,-4.72197,-4.72335,0.00137785,13.6531,13.6533,-0.000211722,29.9989,29.9989,1.21807e-07,0,0,0,31.1232,31.1232,-1.9387e-07,-12.5287,-12.5289,0.000211407
300,60,1.52899,1.52899,1.86264e-08,63.7075,63.7075,1.13429e-06,-42640.1,-42638.7,-1.42687,-59140.1,-59142.4,2.23704,0,0,0,-103210,-103207,-3.56053,-1430.02,-1425.65,-4.37069,0.545274,0.54397,0.00130337,11.7823,11.7825,-0.000183271,29.7887,29.7887,-1.42246e-08,0,0,0,31.7586,31.7586,2.26403e-08,-9.81232,-9.81251,0.000183308
350,60,1.51324,1.51324,-1.86264e-08,57.1858,57.1858,-1.03981e-06,-43733,-43731.3,-1.64883,-61180.4,-61182.6,2.10797,0,0,0,-104830,-104827,-3.3551,83.5005,87.3147,-3.81424,-0.0292845,-0.0306427,0.00135816,11.9049,11.9051,-0.000184886,29.772,29.772,1.61888e-08,0,0,0,31.7239,31.7239,-2.57666e-08,-9.953,-9.95319,0.000184844
400,60,1.4986,1.4986,-9.31319e-09,51.5663,51.5663,-4.76332e-07,-44890.5,-44888.6,-1.95368,-63258.4,-63260.4,1.97897,0,0,0,-106483,-106479,-3.14977,1666.36,1669.54,-3.17506,-0.541003,-0.542396,0.00139297,12.0212,12.0214,-0.000186767,29.7645,29.7645,9.06267e-09,0,0,0,31.6886,31.6886,-1.44244e-08,-10.0971,-10.0973,0.000186743
450,60,1.48461,1.48461,4.65659e-08,46.6679,46.6679,2.1813e-06,-46104.3,-46101.9,-2.39389,-65374.5,-65376.4,1.85004,0,0,0,-108162,-108159,-2.94457,3316.94,3319.34,-2.40073,-1.00242,-1.00382,0.00139577,12.1345,12.1347,-0.000188982,29.7632,29.7632,-5.01369e-08,0,0,0,31.6527,31.6527,7.97993e-08,-10.2451,-10.2453,0.000189112
500,60,1.47106,1.47106,2.79396e-08,42.3628,42.3628,1.19845e-06,-47365.4,-47362.4,-3.06306,-67528.8,-67530.5,1.721,0,0,0,-109863,-109860,-2.73918,5031.37,5032.77,-1.39713,-1.42221,-1.42356,0.00134542,12.2463,12.2465,-0.000190572,29.7667,29.7667,-3.29833e-08,0,0,0,31.6162,31.6162,5.24969e-08,-10.3969,-10.3971,0.000190658
550,60,1.45782,1.45782,-3.55271e-15,38.5559,38.5559,-7.10543e-15,-48665.6,-48661.5,-4.04349,-69721,-69722.6,1.59193,0,0,0,-111581,-111579,-2.53375,6805.42,6805.51,-0.0821885,-1.80683,-1.80806,0.00122905,12.3575,12.3577,-0.000192068,29.7738,29.7738,3.19744e-14,0,0,0,31.5792,31.5792,7.10543e-15,-10.5522,-10.5524,0.000192068
600,60,1.44483,1.44483,3.72527e-08,35.1733,35.1733,1.33967e-06,-50002.2,-49997,-5.20574,-71950.9,-71952.4,1.463,0,0,0,-113313,-113311,-2.32854,8640.06,8638.64,1.4142,-2.16257,-2.16366,0.00109069,12.4686,12.4687,-0.000194115,29.7837,29.7837,-5.17898e-08,0,0,0,31.5417,31.5417,8.243e-08,-10.7106,-10.7108,0.000194249
650,60,1.43208,1.43208,2.79396e-08,32.1563,32.1563,9.20038e-07,-51379,-51372.7,-6.34035,-74218,-74219.4,1.33396,0,0,0,-115055,-115053,-2.12317,10541.9,10539,2.88322,-2.49568,-2.49667,0.000984433,12.5796,12.5798,-0.000195765,29.7959,29.7959,-4.18079e-08,0,0,0,31.5038,31.5038,6.65426e-08,-10.8717,-10.8719,0.000195874
700,60,1.41954,1.41954,-9.31319e-09,29.4566,29.4566,-2.80848e-07,-52798.7,-52791.4,-7.38961,-76522.2,-76523.4,1.20485,0,0,0,-116804,-116802,-1.91767,12516.5,12512.3,4.26709,-2.81091,-2.81183,0.000919148,12.6907,12.6909,-0.000197163,29.8098,29.8098,1.49325e-08,0,0,0,31.4655,31.4655,-2.37669e-08,-11.035,-11.0352,0.000197125
750,60,1.40722,1.40722,9.31319e-09,27.0343,27.0343,2.57223e-07,-54260.9,-54252.6,-8.36341,-78863.1,-78864.2,1.07589,0,0,0,-118558,-118556,-1.71241,14566.1,14560.5,5.57512,-3.11132,-3.11221,0.000887146,12.8018,12.802,-0.000199059,29.8252,29.8252,-1.5936e-08,0,0,0,31.4269,31.4269,2.53641e-08,-11.2001,-11.2003,0.0001991
800,60,1.39511,1.39511,5.58791e-08,24.8556,24.8556,1.4137e-06,-55762.9,-55753.6,-9.27851,-81240.5,-81241.4,0.947024,0,0,0,-120313,-120312,-1.50731,16690.1,16683.3,6.82418,-3.39892,-3.3998,0.00088028,12.9129,12.9131,-0.000201218,29.8418,29.8418,-1.01669e-07,0,0,0,31.3881,31.3881,1.61818e-07,-11.3666,-11.3668,0.000201481
850,60,1.38323,1.38323,-3.72528e-08,22.8916,22.8916,-8.6341e-07,-57300.2,-57290,-10.148,-83654.3,-83655.1,0.817691,0,0,0,-122068,-122067,-1.30146,18886.6,18878.6,8.02885,-3.675,-3.6759,0.00089209,13.0239,13.0241,-0.000202075,29.8593,29.8593,7.18258e-08,0,0,0,31.3493,31.3493,-1.1432e-07,-11.5339,-11.5341,0.000201888
900,60,1.37156,1.37156,1.9984e-15,21.1176,21.1176,-2.4869e-14,-58867.4,-58856.4,-10.9813,-86104.3,-86105,0.688806,0,0,0,-123819,-123818,-1.09632,21152.2,21143,9.19613,-3.94044,-3.94135,0.000918465,13.1346,13.1348,-0.000204146,29.8775,29.8775,-2.13163e-14,0,0,0,31.3104,31.3104,1.42109e-14,-11.7017,-11.7019,0.000204146
950,60,1.36013,1.36013,-3.72528e-08,19.5122,19.5122,-7.24883e-07,-60458.1,-60446.3,-11.7851,-88590.5,-88591.1,0.559636,0,0,0,-125566,-125565,-0.89073,23482.7,23472.4,10.3348,-4.19575,-4.19671,0.000955549,13.245,13.2453,-0.0002055,29.8962,29.8962,7.99061e-08,0,0,0,31.2717,31.2717,-1.27181e-07,-11.8696,-11.8698,0.000205293
1000,60,1.34893,1.34893,-9.31319e-09,18.0568,18.0568,-1.66068e-07,-62065.2,-62052.7,-12.5647,-91112.9,-91113.4,0.43073,0,0,0,-127305,-127305,-0.68556,25872.9,25861.5,11.4484,-4.44128,-4.44228,0.00100087,13.355,13.3552,-0.00020748,29.9153,29.9153,2.09775e-08,0,0,0,31.2333,31.2333,-3.33883e-08,-12.0371,-12.0373,0.000207426
