Pressure_kb,Temp_C,rhoH20_gcm-3,epsilon,DeltaGo_H2O_calmol-1,DeltaGo_CO2_aq_calmol-1,DeltaGo_H+_calmol-1,DeltaGo_HCO3-_calmol-1,DeltaGro_calmol-1,log_K,Pressure_kb_2,Temp_C_2,DeltaVo_H2O_cm3mol-1,DeltaVo_CO2_aq_cm3mol-1,DeltaVo_H+_cm3mol-1,DeltaVo_HCO3-_cm3mol-1,DeltaVr_cm3mol-1,Temp_C_3,Pressure_kb_3
5,300,0.993322796332836,33.9175291395381,-60673.8189286894,-99318.1703656354,0,-143643.568828304,16348.420466021,-6.23791389448488,5,300,18.1363803050822,33.3986806398397,0,,,300,5
5,350,0.962021542334557,29.2873710647767,-62033.5742548616,-101552.376912802,0,-144907.724212594,18678.2269550691,-6.55503360251321,5,350,18.726482939542,34.2473960545496,0,25.9576973350101,-27.0161816590815,350,5
5,400,0.930276831552982,25.3849679973373,-63462.2607942094,-103870.019573323,0,-146143.602829916,21188.6775376159,-6.88373075131313,5,400,19.3655043197472,35.2928654834705,0,24.4111834503773,-30.2471863528405,400,5
5,450,0.898377745358944,22.0764693499552,-64952.8021313422,-106273.40727336,0,-147340.926206557,23885.2831981458,-7.22327048541183,5,450,20.0531236365412,36.5789919560888,0,22.5563251879145,-34.0757904047155,450,5
5,500,0.866600848197937,19.2610567755892,-66496.4752938776,-108765.036634102,0,-148490.07786534,26771.4340626394,-7.5725081419238,5,500,20.788440303817,38.1545268786556,0,20.3254935644967,-38.6174736179759,500,5
5,550,0.835204227149486,16.8596408332266,-68084.7032414545,-111347.288073926,0,-149581.313199442,29850.6781159393,-7.93061911502013,5,550,21.5699099865494,40.0717772553795,0,17.6251444425095,-44.0165427994194,550,5
5,600,0.804420339398384,14.8082478350296,-69714.7705412041,-114022.144150671,0,-150604.948006119,33131.966685756,-8.29832101526234,5,600,22.3953561560532,42.3844133262233,0,14.3478295656064,-50.4319399166701,600,5
5,650,0.774453628058434,13.0540711174419,-71390.0873692177,-116790.889444608,0,-151552.114445761,36628.8623680642,-8.67726837894665,5,650,23.2619221439566,45.1440027238115,0,10.3811346310168,-58.0247902367513,650,5
5,700,0.745477541952133,11.5528847805686,-73112.9382672985,-119653.838010595,0,-152415.711179147,40351.0650987463,-9.06790766742633,5,700,24.1660935255334,48.3956465319138,0,5.61717255826329,-66.9445674991839,700,5
5,750,0.717629171214104,10.2672236785059,-74882.2260560609,-122610.154268768,0,-153191.256631151,44301.1236936778,-9.46906956594736,5,750,25.1038847396926,52.1736227697939,0,-3.58315743694247E-02,-77.313339083856,750,5
5,800,0.691008651247025,9.16517656173957,-76694.5650891268,-125657.718135671,0,-153877.514096871,48474.7691279268,-9.87841331048985,5,800,26.0709905259346,56.4970183750705,0,-6.64058445760951,-89.2085933586146,800,5
5,850,0.665681546897888,8.21951842904438,-78545.0039528588,-128793.0410581,0,-154476.745601762,52861.2994091976,-10.292762378336,5,850,27.0629103119234,61.365831745644,0,-14.2192110663181,-102.647953123886,850,5
5,900,0.641677660369873,7.40695215403439,-80427.4543541844,-132011.358772787,0,-154994.412599356,57444.4005276156,-10.7084356259484,5,900,28.0752800239543,66.7595952769492,0,-22.7477762786989,-117.582651579602,900,5
5,950,0.618998183751106,6.70761714039929,-82335.0757228771,-135306.673118247,0,-155438.772535883,62202.9763052409,-11.1214988004181,5,950,29.1039303069164,72.6362616931743,0,-32.154498581122,-133.894690581213,950,5
5,1000,0.597622851543426,6.10464930611377,-84260.2471523827,-138671.819639385,0,-155820.395878095,67111.6709136727,-11.5279039947472,5,1000,30.1448981635718,78.9322043686752,0,-42.3222875013663,-151.399390033613,1000,5
10,300,1.10266558968425,39.5102693713936,-58626.3450626683,-95384.7311173607,0,-140336.071110917,13675.0050691124,-5.2178437852797,10,300,16.3379361508495,31.510467091484,0,29.6841961814985,-18.1642070608349,300,10
10,350,1.07872846009135,34.6847998727176,-59931.8109679338,-97527.6749337029,0,-141741.132224918,15718.3536767189,-5.51628036081426,10,350,16.7004771511029,31.8027609473878,0,29.2297401358312,-19.2734979626595,350,10
10,400,1.05472665971756,30.593252620893,-61302.7626035638,-99733.8160222365,0,-143149.938779677,17886.6398461234,-5.81097204050785,10,400,17.0805201840866,32.1379251029825,0,28.7046321022466,-20.5138131848225,400,10
10,450,1.03079727869749,27.0966126201298,-62732.2529300162,-102002.307952687,0,-144555.011960763,20179.5489219397,-6.10260045600324,10,450,17.4770348858158,32.5191814778852,0,28.1044766639949,-21.891739699706,450,10
10,500,1.00707174474716,24.0911714953906,-64211.7206891177,-104332.53223479,0,-145950.06031273,22594.1926111782,-6.3909429397027,10,500,17.8887751483118,32.9498424780678,0,27.4244655878483,-23.4141520385312,500,10
10,550,0.983666286458969,21.4964489560167,-65732.7786779718,-106723.980325008,0,-147329.7461076,25127.0128953803,-6.6756529951343,10,550,18.3144225312956,33.43312061878,0,26.6597937441034,-25.0877494059722,550,10
10,600,0.960679847147465,19.2482419267253,-67292.9208943835,-109176.155877521,0,-148689.572053007,27779.504718897,-6.95772907140789,10,600,18.752636534942,33.9719239123836,0,25.8060451789317,-26.9185152683939,600,10
10,650,0.938193488805294,17.2942877607488,-68895.7857562353,-111688.499900444,0,-150025.817466587,30558.4681900921,-7.23921008166837,10,650,19.2020944666125,34.5686728106829,0,24.8595188109287,-28.9112484663668,650,10
10,700,0.916269796059132,15.5913912683453,-70543.8973341776,-114260.341329377,0,-151335.486269007,33468.7523945475,-7.52127746107847,10,700,19.6615451884189,35.2251719200675,0,23.817453125533,-31.0692639829534,700,10
10,750,0.894957048478126,14.103545592148,-72236.4042657702,-116890.830088461,0,-152616.316648282,36510.9177059493,-7.80396502049791,10,750,20.1297705075735,35.9423722051444,0,22.6784174313977,-33.3937252813202,750,10
10,800,0.874288028485775,12.8004479838215,-73970.170888122,-119578.922313257,0,-153866.730636311,39682.3625650673,-8.08665591619311,10,800,20.6056578759309,36.7203236793796,0,21.4423953986278,-35.8835861566827,800,10
10,850,0.854284193668365,11.6565051141776,-75740.4902094731,-122323.333588516,0,-155085.850770372,42977.9730276177,-8.36835395307807,10,850,21.0881579379819,37.5579752194356,0,20.1111091573921,-38.5350240000254,850,10
10,900,0.834956272819042,10.6499909292255,-77541.5088340576,-125122.529743063,0,-156273.468751336,46390.5698257841,-8.6478477635372,10,900,21.5763155346752,38.45312364259,0,18.688104086878,-41.3413350903872,900,10
10,950,0.816306650114059,9.7624166742697,-79366.609029902,-127974.707588522,0,-157430.038899643,49911.2777187812,-8.92382082414906,10,950,22.0692554660467,39.4023132876095,0,17.1789112569252,-44.2926574967311,950,10
10,1000,0.798330557200909,8.97800351491274,-81208.3753724788,-130877.793258777,0,-158556.650305229,53529.5183260272,-9.19487087337266,10,1000,22.5661912067663,40.4008136946861,0,15.5910848154812,-47.3759200859713,1000,10
15,300,1.17895356740236,43.5684291044151,-56738.0870353018,-91622.4916853802,0,-136799.115556812,11561.4631638702,-4.41139936793133,15,300,15.2807375100394,30.8308108817095,0,30.5290598191324,-15.5824885726165,300,15
15,350,1.15834951621294,38.5324172484784,-58006.113258165,-93725.4601231416,0,-138268.214223451,13463.359157856,-4.72490091777684,15,350,15.5525424302834,30.9770149063692,0,30.2815402610336,-16.2480170756189,350,15
15,400,1.13779463865876,34.2423247397492,-59338.0551015322,-95884.5953572298,0,-139752.155717172,15470.4947415901,-5.02602015636199,15,400,15.8335075486351,31.1432329582344,0,30.005494547523,-16.9712459593464,400,15
15,450,1.11735092332244,30.5559539636481,-60727.0086468287,-98098.5778372361,0,-141244.242273623,17581.3442104423,-5.31686409893655,15,450,16.1232067956159,31.3289377934626,0,29.7007534705793,-17.7513911184992,450,15
15,500,1.09709227966785,27.3679412399256,-62164.4763199875,-100366.341006403,0,-142738.913331602,19791.9039947883,-5.59829383043265,15,500,16.4209340762603,31.5339710606701,0,29.3669306305261,-18.5879745064043,500,15
15,550,1.07709023298264,24.5970478018609,-63642.1127453845,-102686.988205954,0,-144231.460675803,22097.640275536,-5.8708203440252,15,550,16.7258781561066,31.7583269217912,0,29.003611429824,-19.4805936480737,550,15
15,600,1.05740975206971,22.178848308777,-65157.6659700197,-105059.71992108,0,-145717.87767248,24499.5082186198,-6.13621237285528,15,600,17.0371797354223,32.001994930273,0,28.6105200139779,-20.4286546517175,600,15
15,650,1.03810418287277,20.0610690083683,-66715.0288490298,-107483.794594852,0,-147194.740003347,27004.0834405355,-6.39718692288119,15,650,17.3540192759323,32.2648969426937,0,28.187572425695,-21.4313437929309,650,15
15,700,1.01921584452033,18.2006522989189,-68316.8599714669,-109958.48543234,0,-148659.144526398,29616.2008774088,-6.65551143096438,15,700,17.6756278828048,32.5468148707532,0,27.7349633643296,-22.4874793892285,700,15
15,750,1.00077692339182,16.5617260586785,-69962.4565568464,-112483.04605064,0,-150108.6675593,32336.8350481861,-6.9117827062598,15,750,18.0012943733183,32.8473376605699,0,27.2532329943523,-23.595399039536,750,15
15,800,0.982810069161653,15.1141344681182,-71648.732511099,-115056.686570611,0,-151541.3293044,35164.0897773099,-7.16590132880731,15,800,18.3303779288375,33.1658314817877,0,26.7433030530335,-24.7529063575917,800,15
15,850,0.965329884909391,13.8323657396433,-73371.0442887826,-117678.550381461,0,-152955.57327387,38094.021396374,-7.41738690971153,15,850,18.6623042357079,33.5014078839691,0,26.2065199939511,-25.957192125726,850,15
15,900,0.948344119207859,12.6947253781909,-75123.6682855728,-120347.696699399,0,-154350.24819989,41121.1167850819,-7.66554838967235,15,900,18.9965642588135,33.8529036942422,0,25.6446818359613,-27.2047861170944,900,15
15,950,0.931854858211279,11.6826897508061,-76900.021279428,-123063.086116354,0,-155724.593934847,44238.5134609345,-7.90956644861717,15,950,19.3327102834242,34.2188659011469,0,25.060058627465,-28.4915175571061,950,15
15,1000,0.915859121699333,10.7803817205297,-78692.7751554368,-125823.574317157,0,-157078.221029386,47438.1284432079,-8.14854082663545,15,1000,19.6703614924679,34.597556405696,0,24.4553823214231,-29.8125355767408,1000,15
20,300,1.23935309653997,46.8689139583278,-54954.5807594622,-87932.2790845548,0,-133168.652055779,9718.20778823787,-3.70808565376314,20,300,14.5360350091472,30.4832891586919,0,30.9501103366926,-14.0692138311464,300,20
20,350,1.220675459764,41.6340752564038,-56193.1155362317,-90012.5060118087,0,-134676.640575536,11528.980972504,-4.04604022958343,20,350,14.758451852127,30.5663514824798,0,30.7888251871344,-14.5359781474723,350,20
20,400,1.20213193290234,37.1595386388768,-57494.6585817911,-92144.9373465565,0,-136205.1733935,13434.4225348473,-4.3645455156456,20,400,14.9861088512184,30.6628178874806,0,30.6127386385352,-15.0361881001638,400,20
20,450,1.18372773134053,33.2999232088022,-58852.2782217942,-94328.2155187267,0,-137747.796586447,15432.6971540739,-4.66708076846143,20,450,15.2191078429821,30.771194201917,0,30.4222497936679,-15.5680522512311,450,20
20,500,1.16549817068934,29.9481034168773,-60257.4450285215,-96561.2046296563,0,-139299.176029719,17519.4736284584,-4.95551924425527,20,500,15.4571499578971,30.8905459108456,0,30.2175930516209,-16.1301028171218,500,20
20,550,1.14748884831965,27.0218904181315,-61701.836484117,-98842.9359082499,0,-140854.795348643,19689.9770437237,-5.23116117197625,20,550,15.699742987813,31.0202268412616,0,29.9989649489774,-16.7210048800972,550,20
20,600,1.12974476555824,24.4562557111052,-63183.3751183611,-101172.566850978,0,-142410.769505728,21945.1724636107,-5.49644660594893,20,600,15.9463274796392,31.1597356088083,0,29.7665894754453,-17.3394736130023,600,20
20,650,1.1123060063684,22.1985823490685,-64706.2482487707,-103549.344016726,0,-143963.730973532,24291.8612919649,-5.75466957549589,20,650,16.1963343691891,31.3086249523473,0,29.5207696286073,-17.984189692929,650,20
20,700,1.09520609822869,20.2055799232643,-66273.205967929,-105972.571331694,0,-145510.75542328,26735.0218763429,-6.00803744010298,20,700,16.449214471264,31.4664426589846,0,29.2619260302349,-18.6537311000136,700,20
20,750,1.07847096905589,18.4411640442326,-67883.6543857877,-108441.587415994,0,-147049.304619772,29275.9371820096,-6.25753621288652,20,750,16.7044644843531,31.632699345769,0,28.9906137019228,-19.3465501281993,750,20
20,800,1.06211984127104,16.8749825285752,-69534.5307457765,-110955.741288775,0,-148577.193523412,31913.0785111394,-6.50339517267609,20,800,16.9616264568046,31.8068375736002,0,28.7075489680469,-20.0609150623579,800,20
20,850,1.0461653808105,15.4813058240934,-71221.2119476302,-113514.377125927,0,-150092.55836401,34643.0307095471,-6.74543545361131,20,850,17.2202983681633,31.9882197232152,0,28.4136139554312,-20.7949041359474,850,20
20,900,1.03061518723607,14.2382109668479,-72938.0409704792,-116116.814565917,0,-151593.843072277,37461.0124641194,-6.98325401206037,20,900,17.4801227685319,32.1761077579397,0,28.1098787030261,-21.5463518234455,900,20
20,950,1.01547209175706,13.1269218418333,-74678.4571786427,-118762.338800429,0,-153079.778604536,40361.0173745355,-7.21629466911425,20,950,17.74079282556,32.369661154269,0,27.7975974001116,-22.3128565797173,950,20
20,1000,1.0007354983294,12.1313052275521,-76435.2000786971,-121450.18508562,0,-154549.377639166,43336.0075251506,-7.44391143096689,20,1000,18.0020395299999,32.5679235476587,0,27.4782246108776,-23.0917384667809,1000,20
25,300,1.29014588548303,49.7026598623631,-53248.972421938,-84281.6469564846,0,-129487.793620369,8042.82575805318,-3.06882580193948,25,300,13.9637541790517,30.2734572454379,0,31.1998631168883,-13.0373483076013,300,25
25,350,1.27269073508143,44.2812940682807,-54462.689979305,-86347.4741696721,0,-131022.755989515,9787.40815946164,-3.43484365625889,25,350,14.1552692287394,30.3224341895328,0,31.0837335438591,-13.3939698744131,350,25
25,400,1.25545582296133,39.6357956404696,-55738.8738006423,-88462.7209896951,0,-132581.784107772,11619.8106825649,-3.77501842566664,25,400,14.3495929291292,30.3823104531155,0,30.9588324718297,-13.773070910415,400,25
25,450,1.23839570076287,35.6174008588023,-57070.5020828406,-90626.1382012372,0,-134158.527540716,13538.1127433617,-4.09412982027752,25,450,14.5472727246246,30.4511856681282,0,30.825586534007,-14.1728718587457,450,25
25,500,1.22151379573941,32.1170546659353,-58448.9860344456,-92836.6368849526,0,-135747.752101371,15537.8708180272,-4.3950074920294,25,500,14.7483229930243,30.5278340863315,0,30.6843017687078,-14.5918553106481,500,25
25,550,1.20483365163147,29.0513582885374,-59865.951815739,-95093.2748248094,0,-137345.015148864,17614.2114916842,-4.67967936304157,25,550,14.9525040038559,30.6114061549653,0,30.5352382180523,-15.0286719407689,550,25
25,600,1.18838611371934,26.3545267373382,-61319.5379233408,-97395.2301471118,0,-138946.478849777,19768.2892206758,-4.95121860502905,25,600,15.1594501080266,30.7012594663899,0,30.3786647921931,-15.4820447822234,600,25
25,650,1.17220172926128,23.9734061049906,-62814.1215600308,-99741.7790720716,0,-140548.785478142,22007.1151539605,-5.21342002157823,25,650,15.3687539868698,30.7968656722499,0,30.2148856672299,-15.9507339918898,650,25
25,700,1.15630746925116,21.8642787929179,-64352.6384830649,-102132.273567332,0,-142148.975950473,24335.9360999236,-5.46890202314266,25,700,15.5800083274278,30.8977518241765,0,30.0442609099162,-16.4334992416881,700,25
25,750,1.14072568534136,19.9907110894085,-65934.4471134359,-104566.119753281,0,-143744.43581478,26756.1310519362,-5.71894446737351,25,750,15.7928240167653,31.003460601588,0,29.8672244846532,-16.9290601337,750,25
25,800,1.12547351379871,18.3220212814307,-67556.5310440369,-107042.761034902,0,-145332.853635304,29266.4384436352,-5.96405058287696,25,800,16.0068449227158,31.1135268477394,0,29.6842923822305,-17.4360793882247,800,25
25,850,1.11056257748246,16.8321564412894,-69214.3394864904,-109561.665579021,0,-146912.186801075,31863.8182644356,-6.20428770249362,25,850,16.2217603629675,31.2274653460799,0,29.4960626500013,-17.953163059046,850,25
25,900,1.09600092298746,15.4988866041394,-70902.255492218,-112122.304469796,0,-148480.652788289,34543.9071737248,-6.43946499294985,25,900,16.4372854275471,31.3447475267745,0,29.3032392068629,-18.4787937474587,900,25
25,950,1.08179212657809,14.3031207550545,-72613.6866068229,-114724.147748969,0,-150036.699999266,37301.1343565252,-6.66920693576807,25,950,16.6531809183948,31.4648055322331,0,29.1066161101935,-19.0113703404343,950,25
25,1000,1.06793678429842,13.2284122532268,-74341.4125955653,-117366.648579971,0,-151579.003712817,40129.0574627198,-6.89304729761511,25,1000,16.869238202929,31.5870194099029,0,28.9070913365008,-19.5491662763311,1000,25
30,300,1.33441363105118,52.2147957250497,-51604.8560026433,-80655.9412180356,0,-125775.64132757,6485.15589310935,-2.47448028007401,30,300,13.5005215630243,30.1336051040096,0,31.3640689865365,-12.2700576804974,300,30
30,350,1.31776060694814,46.6172499151753,-52796.79939043,-82712.1851681032,0,-127330.816530579,8178.16802795399,-2.8700885988372,30,350,13.6711326055818,30.1616680961067,0,31.2749210673281,-12.5578796343605,350,30
30,400,1.30142214509964,41.8119142475542,-54050.914060657,-84815.6326096678,0,-128912.470504714,9954.07616561081,-3.23385827550982,30,400,13.8427642927658,30.1995447655572,0,31.1801460764813,-12.8621629818417,400,30
30,450,1.28530392153263,37.6463919450325,-55360.038764403,-86965.2114476651,0,-130514.308441386,11810.9417706824,-3.57180722494889,30,450,14.0163580754644,30.2451078127231,0,31.0801027271527,-13.1813631610348,450,30
30,500,1.26937851822019,34.0094662965666,-56715.4780927727,-89159.9352557215,0,-132131.146726178,13744.2666223166,-3.88767260874941,30,500,14.192204879329,30.2969861038377,0,30.975056775112,-13.5141342080547,500,30
30,550,1.25364995845973,30.8163990753861,-58108.8135242477,-91398.9259747934,0,-133758.582492472,15749.1570065694,-4.18417850062372,30,550,14.3702633086943,30.3542353588599,0,30.8652386495942,-13.8592600179599,550,30
30,600,1.2381362725842,28.0005039994966,-59538.3175750303,-93681.4101822443,0,-135392.798692965,17826.9290643095,-4.46498034647456,30,600,14.5503208321319,30.4161584331795,0,30.7508799180572,-14.2155993472542,600,30
30,650,1.22285936521292,25.5079648001165,-61008.6488598044,-96006.710022061,0,-137030.434243129,19984.9246387364,-4.73436911255358,30,650,14.7320947219988,30.4822061369996,0,30.6322292740192,-14.5820715849792,650,30
30,700,1.20784114096522,23.2945593726245,-62522.7624756593,-98374.2257123224,0,-138668.504280741,22228.4839072404,-4.99530406854095,30,700,14.9152727034976,30.5519117764504,0,30.5095719701082,-14.9576125098398,700,30
30,750,1.19310037522912,21.3234097940386,-64080.078144209,-100783.423462361,0,-140304.336900351,24559.164706219,-5.24935757144087,30,750,15.0995510302647,30.6248556039507,0,30.3832336230186,-15.3411730111967,750,30
30,800,1.17865241613925,19.5634451492588,-65677.6290487061,-103233.8187038,0,-141935.535175991,26975.9125765157,-5.49727659672218,30,800,15.2846418106962,30.7006362850316,0,30.253591584869,-15.7316865108588,800,30
30,850,1.16450873754382,17.9882622255283,-67310.8304707993,-105724.96362096,0,-143559.945408847,29475.8486829129,-5.73931987642782,30,850,15.470283235485,30.7788547042306,0,30.1210780844545,-16.1280598552611,850,30
30,900,1.15067693900466,16.5752733217648,-68974.1243281293,-108256.436107059,0,-145175.632921611,32054.9275135775,-5.97548454889996,30,900,15.6562449366399,30.8591034459439,0,29.986181520252,-16.5291668623317,900,30
30,950,1.13716149085224,15.3050605089304,-70660.9486381381,-110827.826902816,0,-146780.868268871,34707.9072720829,-6.2055543322767,30,950,15.8423233154849,30.940956403924,0,29.849452206121,-16.9338275132879,950,30
30,1000,1.1239637341857,14.1608508699483,-72364.0696458748,-113438.732294206,0,-148374.110463047,37428.6914770339,-6.42920010963926,30,1000,16.0283463354376,31.0239661736243,0,29.7114988273891,-17.3408136816727,1000,30
35,300,1.37392121971667,54.4895561256994,-50011.4098857162,-77047.3147590012,0,-122042.283002296,5016.44164242117,-1.91407671996019,35,300,13.112309309638,30.0340436663613,0,31.479675434715,-11.6666775412843,300,35
35,350,1.35779077724636,48.7242593428742,-51183.6844044444,-79097.0675494799,0,-123613.395148683,6667.35680524092,-2.33987669190615,35,350,13.2680824629959,30.0481534784963,0,31.4081072292136,-11.9081287122786,350,35
35,400,1.34207980078578,43.7681648083892,-52418.027726789,-81192.1211880369,0,-125212.755133464,8397.39378136175,-2.72812674132327,35,400,13.4234044722618,30.071576661566,0,31.3327480178286,-12.1622331159991,400,35
35,450,1.32664345162749,39.4649003884345,-53707.0915891585,-83331.6229723042,0,-126834.100425663,10204.6141357996,-3.08602948060753,35,450,13.579594410163,30.1020386789187,0,31.2538758748082,-12.4277572142734,450,35
35,500,1.31142391349733,35.7009148645344,-55042.0532495658,-85514.7179736487,0,-128472.279634359,12084.4915888554,-3.41819234388055,35,500,13.7371904039454,30.1380778201762,0,31.1717012939295,-12.703566930192,500,35
35,550,1.29640613628268,32.3899980745522,-56414.4108068489,-87740.6134971585,0,-130122.914381577,14032.10992243,-3.72799970381462,35,550,13.896324227265,30.1786951440475,0,31.0864092956988,-12.9886100756136,550,35
35,600,1.28159563339114,29.4644567436038,-57822.5693022634,-90008.5989042214,0,-131782.19833639,16048.9698700951,-4.01966793005314,35,600,14.0569143110538,30.2231658166426,0,30.9981841570737,-13.2818959706227,600,35
35,650,1.2670064118582,26.8697476346576,-59271.4158241622,-92318.0479312384,0,-133446.767110072,18142.6966453289,-4.29795078884548,35,650,14.2187757152536,30.2709324155271,0,30.9072225987852,-13.5824855319954,650,35
35,700,1.25265516091764,24.5610718989423,-60763.9883204184,-94668.4107716371,0,-135113.613956756,20318.7851352998,-4.56614632278685,35,700,14.3816754698897,30.3215388044635,0,30.8137454601773,-13.889468814176,700,35
35,750,1.23855737771511,22.501068338269,-62299.7105261078,-97059.2065169417,0,-136780.025958227,22578.8910848222,-4.82608729933054,35,750,14.5453737744751,30.3745918167275,0,30.718000416667,-14.2019651745355,750,35
35,800,1.22472677126408,20.6582479889057,-63875.6370822774,-99490.0087657113,0,-138443.546551834,24922.0992961543,-5.07874099952437,35,800,14.7096319135785,30.4297311913086,0,30.6202722450176,-14.5190908598694,800,35
35,850,1.21117407035768,19.0058241120982,-65487.2169014763,-101960.436659545,0,-140101.941050759,27345.7125102621,-5.32455547026232,35,850,14.8742286025656,30.4866138333492,0,30.5208828860153,-14.8399595498996,850,35
35,900,1.1979065765357,17.5208463611244,-67128.8531964121,-104470.14645388,0,-141753.170223793,29845.8294264989,-5.56367792476235,35,900,15.0389691090097,30.5449035933113,0,30.4201906550958,-15.1636820472252,900,35
35,950,1.18492905815065,16.1835577330475,-68794.0887425515,-107018.818574538,0,-143395.377996312,32417.5293207773,-5.79604923861443,35,950,15.203678124087,30.6042595944516,0,30.3185969055901,-15.4893408129485,950,35
35,1000,1.17224375036776,14.9768680039901,-70475.6437633474,-109606.149912083,0,-145026.876287861,35054.9173875697,-6.0214522554134,35,1000,15.3682030672786,30.6643315963355,0,30.2165449133289,-15.8159897502852,1000,35
40,300,1.40978221080124,56.5806815830863,-48460.9718783929,-73451.0882312289,0,-118293.668953218,3618.39115640352,-1.38063567163099,40,300,12.7787681401946,29.9597378510135,0,31.5651449723026,-11.1733610189055,300,40
40,350,1.39397512223542,50.6545470229622,-49615.0976849274,-75496.4804898519,0,-119877.810741113,5233.76743366658,-1.83676542093375,40,350,12.9236739685212,29.9639696994563,0,31.5057567705981,-11.3818868973794,350,40
40,400,1.37870238717258,45.5551412015395,-50831.3555079751,-77585.4619674817,0,-121491.556715852,6925.26075960518,-2.24986341724847,40,400,13.0668374607992,29.977286865376,0,31.4437362277255,-11.6003880984498,400,40
40,450,1.36376701304972,41.1218199200792,-52102.1724364822,-79717.4257145698,0,-123128.667596726,8690.9305543259,-2.62826869763467,40,450,13.2099396946942,29.9973073843563,0,31.3792913577739,-11.8279557212766,450,40
40,500,1.34908033831239,37.2385266586764,-53418.5306770385,-81891.6667111601,0,-124784.015760712,10526.1816274864,-2.97741226304898,40,500,13.3537488379202,30.0225055187399,0,31.31258194956,-12.0636724071001,500,40
40,550,1.33460794141591,33.817457494056,-54771.8641405982,-84107.4909422247,0,-126453.239966636,12426.1151161872,-3.30132487051455,40,550,13.4985559735898,30.0518456241902,0,31.2437501140454,-12.3066514837346,550,40
40,600,1.32034296785355,30.7898376021289,-56160.6999934003,-86364.2582591742,0,-128132.541885679,14392.4163668954,-3.60476310780428,40,600,13.6443942510536,30.0845847295869,0,31.1729390807563,-12.5560398998843,600,40
40,650,1.30629122905493,28.100328643529,-57590.1307799566,-88661.3988365151,0,-129818.552915358,16432.9767011141,-3.89292322725447,40,650,13.7911666244851,30.1201618908292,0,31.1003013756074,-12.811027139707,650,40
40,700,1.29246404985726,25.7035115967107,-59063.2521154202,-90998.4132298175,0,-131508.248787555,18553.4165576821,-4.16942323204221,40,700,13.9387087803252,30.1581295820905,0,31.0260076998421,-13.0708306625736,700,40
40,750,1.27887424520791,23.5615330169674,-60579.5661300273,-93374.866946235,0,-133198.889588819,20755.5434874435,-4.436358917679,40,750,14.0868268068619,30.1981109450811,0,30.9502525023551,-13.3346852495879,750,40
40,800,1.26553328895509,21.6424529729718,-62136.0116690833,-95790.3853458591,0,-134887.972158449,23038.424856493,-4.69487708449936,40,800,14.2353268438119,30.2397745348237,0,30.8732538791809,-13.6018474994547,800,40
40,850,1.25245071780384,19.9190846633516,-63728.1507034561,-98244.6439108554,0,-136573.199927744,25399.5946865672,-4.94562175990312,40,850,14.3840230548869,30.2828149200046,0,30.7952576593895,-13.871580315502,850,40
40,900,1.2396336842829,18.3681196137875,-65350.3763200332,-100737.359886774,0,-138252.458502483,27835.2777043238,-5.18888310591483,40,900,14.5327448168057,30.3269404487506,0,30.7165385900657,-14.1431466754906,900,40
40,950,1.22708725476682,16.9694663587141,-66996.2067594348,-103268.282261706,0,-139923.80018956,30340.6888315809,-5.42472329279611,40,950,14.6813357648502,30.3718632159307,0,30.6374035302157,-14.4157954505653,950,40
40,1000,1.21481366442084,15.705709528402,-68658.4083794843,-105837.188314093,0,-141585.423117977,32910.1735756,-5.65304538338784,40,1000,14.8296652627699,30.4172967263279,0,30.5581860624997,-14.6887759265982,1000,40
45,300,1.44274985499024,58.5248867987209,-46947.8390503854,-69864.2513621352,0,-114533.59350549,2278.49690703063,-0.869384754597423,45,300,12.4867661138124,29.9022724292752,0,31.630701140211,-10.7583374028766,300,45
45,350,1.42711561920285,52.4435774701831,-48084.9400119236,-71906.8297734906,0,-116128.679389833,3863.09039558088,-1.35573292976324,45,350,12.6235602480918,29.8991960809646,0,31.5801469567821,-10.9426093722743,350,45
45,400,1.4121409061718,47.2070573272909,-49284.3809023001,-73991.4085901448,0,-117754.445823349,5521.34366909617,-1.79376193422413,45,400,12.7574237962117,29.9051122761109,0,31.5277366211828,-11.1347994511397,400,45
45,450,1.39757403629124,42.6500871095937,-50538.3184092137,-76117.6457159334,0,-119404.671976027,7251.29214911963,-2.19290029460067,45,450,12.8903940200602,29.9175555379169,0,31.4736206627013,-11.3343288952759,450,45
45,500,1.38329431063831,38.6539249138305,-51837.5447524397,-78284.9994039551,0,-121074.248930621,9048.29522577381,-2.55938061096706,45,500,13.0234613570318,29.9349515913288,0,31.4179155725326,-11.5404973758281,500,45
45,550,1.36924748920321,35.1290697023671,-53173.3597828237,-80492.8831254615,0,-122758.829328218,10907.4135800671,-2.89784179433166,45,550,13.1570663025158,29.9562372820869,0,31.3607272072813,-11.7525763773214,550,45
45,600,1.35541390253186,32.0055900926413,-54544.4142853342,-82740.7332873209,0,-124454.620613894,12830.5269587607,-3.21356810806369,45,600,13.2913495769434,29.9806566803398,0,31.3021641948602,-11.969842062423,600,45
45,650,1.341791166448,29.2273138496567,-55956.0265196156,-85028.0387111539,0,-126158.251744747,14825.8134860226,-3.51219104928001,45,650,13.4262919972042,30.007645850897,0,31.2423444840705,-12.1915933640307,650,45
45,700,1.3283856884253,26.7481885103684,-57411.343684845,-87354.3482117403,0,-127866.688147099,16899.0037494867,-3.79763471662605,45,700,13.5617841692918,30.0367616754023,0,31.1814029816686,-12.4171428630255,700,45
45,750,1.31520640912473,24.5298169453161,-58909.8374039122,-89719.2745157635,0,-129577.164529054,19051.9473906219,-4.07222662016389,45,750,13.6976826413043,30.0676411528903,0,31.1194905401851,-12.6458332540095,750,45
45,800,1.3022628652513,22.5398113311288,-60448.4840580467,-92122.4880127361,0,-131287.144057774,21283.8280130086,-4.33731720076936,45,800,13.8338276247503,30.0999714753997,0,31.0567791492991,-12.8770199508509,800,45
45,850,1.28956355043292,20.750586916778,-62022.8570023564,-94563.7112854693,0,-132994.284706097,23592.2835817285,-4.59371547016488,45,850,13.9700598655662,30.1334717725603,0,30.9934627769001,-13.1100688612264,850,45
45,900,1.27711502115428,19.1384697504336,-63627.3844088943,-97042.7132614717,0,-134696.413085499,25973.6845848672,-4.8418562434476,45,900,14.1062313899631,30.1678811047069,0,30.9297572204685,-13.3443552742015,900,45
45,950,1.2649220457679,17.6830295509386,-65255.4662265877,-99559.3006905726,0,-136391.508156366,28423.2587607944,-5.08189892170022,45,950,14.2422057234866,30.2029484837009,0,30.8659025369873,-13.5792516702002,950,45
45,1000,1.25298730647206,16.3665446877375,-66900.0806395955,-102113.312592914,0,-138077.684809485,30935.7084230245,-5.31388761231785,45,1000,14.3778631331264,30.2384276303622,0,30.802161795554,-13.8141289679346,1000,45
50,300,1.47335895281971,60.3484614159856,-45467.6108472672,-66284.7581510028,0,-110764.615887551,987.753110719481,-0.376887716246592,50,300,12.2273529919661,29.8565789870805,0,31.6824460608295,-10.4014859182171,300,50
50,350,1.45777940407515,54.1166711491749,-46588.5326514741,-68325.6895724431,0,-112369.089566609,2545.13265730819,-0.893202022421146,50,350,12.3580288963057,29.8479073916787,0,31.6385314404936,-10.5674048474908,350,50
50,400,1.44299453107834,48.7482558104377,-47772.1388011865,-70407.1158001239,0,-114005.120115997,4174.13448531351,-1.35608359066577,50,400,12.4846488410024,29.8482063576511,0,31.5933046908388,-10.7395505078148,400,50
50,450,1.42869513597131,44.073056274063,-49010.2747004967,-72528.9739405779,0,-115666.502794703,5872.74584637125,-1.77600706629727,50,450,12.609604069067,29.8549423915498,0,31.5468703916663,-10.9176760689504,450,50
50,500,1.4147269178471,39.9694628353933,-50293.5052716329,-74690.895706999,0,-117348.144141894,7636.25683673761,-2.15997458091776,50,500,12.7341042096063,29.8665026211367,0,31.4993088338921,-11.1012979968508,500,50
50,550,1.40101514768124,36.346180014737,-51612.9889123276,-76892.4086663299,0,-119045.708769057,9459.68880960035,-2.51321556596397,50,550,12.8587332048596,29.8818020430889,0,31.4506958264973,-11.2898394214512,550,50
50,600,1.38752726656675,33.1320710809589,-52967.5338207636,-79133.0290665459,0,-120755.410605003,11345.1522823063,-2.84153719272237,50,600,12.9837304347729,29.9000737605263,0,31.4011127251768,-11.4826914701224,600,50
50,650,1.37425262021601,30.2700956367583,-54362.5831651722,-81412.3056664282,0,-122473.878343703,13301.0104878972,-3.15096976135675,50,650,13.1091472812097,29.9207506317179,0,31.3506507232069,-11.6792471897206,650,50
50,700,1.36119165566206,27.7135161502311,-55801.3541942831,-83729.8380257452,0,-124198.066244562,15333.1259754662,-3.44574226871805,50,700,13.2349327334347,29.9433940326465,0,31.2994142659717,-11.8789125001095,700,50
50,750,1.3483500353235,25.4234021003068,-57283.374740409,-86085.2819247162,0,-125925.192584524,17443.4640806012,-3.72842404613517,50,750,13.3609815908654,29.9676490648396,0,31.2475238643618,-12.0811067913433,750,50
50,800,1.33573506074011,23.3669055176231,-58805.5779410326,-88478.3495200277,0,-127652.693819263,19631.2336417975,-4.00054385399323,50,800,13.4871656285027,29.9932162287621,0,31.1951170089039,-12.2852648483608,800,50
50,850,1.32335366092414,21.5160328419256,-60363.4625585546,-90908.8065323087,0,-129378.190143765,21894.0789470981,-4.26305358766492,50,850,13.6133525995004,30.0198328149997,0,31.142348420324,-12.4908369941761,850,50
50,900,1.31121187082171,19.8467527569541,-61951.6240936162,-93376.4656988345,0,-131099.462787463,24228.6270049875,-4.51655322720789,50,900,13.7394119141936,30.0472588882581,0,31.0893923116672,-12.6972784907845,900,50
50,950,1.29931423526883,18.3383051209377,-63563.3908620006,-95881.1815287407,0,-132814.434149446,26630.1382412953,-4.76130031225822,50,950,13.865221753899,30.0752685876919,0,31.0364422319531,-12.9040481096377,950,50
50,1000,1.28766336195827,16.9726612021903,-65191.6920326761,-98422.8459357947,0,-134521.150664649,29093.3873038221,-4.9974284823257,50,1000,13.9906753055415,30.1036447143221,0,30.9837096974292,-13.1106103224344,1000,50
55,300,1.50200468150377,62.0709856933784,-44016.790521645,-62711.1561927133,0,-106988.540969825,-260.594255466349,9.94325127846507E-02,55,300,11.9941570235078,29.8194262371303,0,31.7242400938758,-10.0893431667622,300,55
55,350,1.48638355868578,55.69260789189,-45122.1676069478,-64751.3486911997,0,-108601.203305001,1272.31299314641,-0.446512104336832,55,350,12.120209413463,29.8063524978462,0,31.6854594616648,-10.2411024496443,350,55
55,400,1.47170247186154,50.1967475415563,-46290.7101093284,-66830.5882099351,0,-110246.151515946,2875.14680331759,-0.934071342083574,55,400,12.241115540978,29.8022648985453,0,31.6457625662111,-10.3976178733121,400,55
55,450,1.45759097964555,45.4079591921994,-47513.8985789755,-68949.1032823553,0,-111917.194246489,4545.80761484135,-1.37472089839792,55,450,12.3596264326367,29.8045733355032,0,31.6052166551183,-10.5589831130216,450,55
55,500,1.44385968903661,41.2015964777968,-48782.0503820596,-71106.7066794041,0,-113609.252005887,6279.50505557665,-1.77620679748964,55,500,12.4771680633458,29.8116328592431,0,31.563872391806,-10.7249285307829,500,55
55,550,1.4304127859515,37.4844828906589,-50086.1685063977,-73303.0447289018,0,-115318.000992848,8071.21224245195,-2.14433018381565,55,550,12.5944623656425,29.8223401007037,0,31.5217812475013,-10.8950212188449,550,55
55,600,1.41720415148079,34.1842118611886,-51425.1668691698,-75537.7171146162,0,-117039.660757503,9923.22322628279,-2.48539703721252,55,600,12.7118453478819,29.83591923835,0,31.4790018202,-11.0687627660319,600,55
55,650,1.40421441419244,31.242837500688,-52804.6963046339,-77810.3345847696,0,-118770.85992525,11844.1709641538,-2.80584881805384,55,650,12.8294367426506,29.8518003984435,0,31.4356033234739,-11.2456338176202,650,55
55,700,1.39143850771189,28.6129390738968,-54228.0077689495,-80120.545655125,0,-120508.546968049,13840.0064560257,-3.11020044582974,55,700,12.9472340316531,29.8695467154164,0,31.3916681423856,-11.4251126046839,700,55
55,750,1.37887822017133,26.2550274354763,-55694.5724062956,-82468.0490344407,0,-122249.925825823,15912.6956149134,-3.40123250148762,55,750,13.0651711923925,29.8888096587793,0,31.3472922356085,-11.6066886155634,750,55
55,800,1.3665384689343,24.1357903180873,-57201.3833701743,-84852.5961149968,0,-123992.411718789,18061.5677663825,-3.68067006076688,55,800,13.183148816915,29.909299299492,0,31.3025868559038,-11.7898612605032,800,55
55,850,1.35442476740837,22.2268319528798,-58743.9707238012,-87273.990786042,0,-125733.596096654,20284.3654131889,-3.94962203969135,55,850,13.3010562369377,29.9307654163734,0,31.2576783011207,-11.9741433521904,850,55
55,900,1.34254203295708,20.5037554366187,-60316.7857874929,-89732.0862139066,0,-127471.221073371,22577.6509280287,-4.20878831230387,55,900,13.4187828446009,29.9529842762225,0,31.2127082588071,-12.1590588620162,900,55
55,950,1.33089458689988,18.9454795280244,-61913.3362220444,-92226.7779661973,0,-129203.163859674,24936.9503285676,-4.45856902094705,55,950,13.53621855354,29.9757479696209,0,31.1678363223374,-12.3441302008234,950,55
55,1000,1.31948481341302,17.5336748580647,-63526.4949959148,-94758.0033798025,0,-130927.414897185,27357.0834785325,-4.69918015187663,55,1000,13.6532681671425,29.9988604104008,0,31.1232360508027,-12.5288925267406,1000,55
60,300,1.52898781977803,63.707467459971,-42592.536520008,-59142.3790039189,0,-103206.686210579,-1471.7706866525,0.561569775798631,60,300,11.7824875822853,29.7886594906536,0,31.7586398464107,-9.81250722652817,300,60
60,350,1.51324495496005,57.1857693370717,-43682.8501749541,-61182.5562656556,0,-104826.590491436,38.8159491735714,-1.36222700237162E-02,60,350,11.9050652975583,29.772043915931,0,31.7239230471457,-9.9531861663436,350,60
60,400,1.49859724660337,51.5662847385441,-44836.9370148618,-63260.3747541724,0,-106479.396736815,1617.91503221891,-0.52562466159227,60,400,12.0214287333253,29.7644504626112,0,31.6885861787873,-10.0972930171493,400,60
60,450,1.48460928451955,46.6679208685924,-46045.8694505783,-65376.3642520405,0,-108158.925301586,3263.30840103282,-0.986873760818822,60,450,12.1346944195018,29.7632405558076,0,31.652666559277,-10.2452684160324,450,60
60,500,1.47105524251401,42.3628381757214,-47299.7058792066,-67530.5242592023,0,-109860.110476754,4970.11966165506,-1.40583696473479,60,500,12.2465013409096,29.7667416101864,0,31.6161910440915,-10.3970519070045,500,60
60,550,1.45781710386217,38.5558754609616,-48589.2539729359,-69722.6244223074,0,-111578.6386618,6733.23973344357,-1.78886253533877,60,550,12.357709312281,29.7738349386982,0,31.5791904731961,-10.5523537777831,550,60
60,600,1.44483481712461,35.1733097476358,-49913.519755866,-71952.3501437304,0,-113310.73544375,8555.13445584686,-2.1427418636718,60,600,12.4687471442947,29.7837368297078,0,31.5417049448016,-10.710779029201,600,60
60,650,1.43208021921933,32.1562675097646,-51278.3874952954,-74219.3748055615,0,-115053.03123778,10444.731063077,-2.47432567436928,60,650,12.5797980854876,29.7958743660167,0,31.5037863942469,-10.8718860572574,650,60
60,700,1.41954220882565,29.4566170617422,-52687.0582857074,-76523.3967583863,0,-116802.469439602,12407.9856044915,-2.7883890431378,60,700,12.6909082998692,29.809812025167,0,31.4654988842601,-11.035221440776,700,60
60,750,1.40721862528384,27.0343054245435,-54139.1221840349,-78864.1564933399,0,-118556.243055629,14447.0356217456,-3.0879574583692,60,750,12.802047724721,29.8252056714384,0,31.4269192649134,-11.200334131246,750,60
60,800,1.39511177826464,24.8555510013606,-55631.4277596974,-81241.4430429125,0,-120311.749815401,16561.1209872092,-3.374902056056,60,800,12.9131445097603,29.8417725397508,0,31.388138139511,-11.36677891,800,60
60,850,1.383225765571,22.8915600734211,-57159.593457412,-83655.0952950313,0,-122066.55840489,18748.1303475538,-3.65049767716956,60,850,13.0241067282052,29.8592714432766,0,31.3492602455287,-11.5341179259531,850,60
60,900,1.37156438698381,21.1175755762198,-58718.0067569074,-86105.0025066354,0,-123818.379465824,21004.6297977189,-3.91555528423734,60,900,13.1348408947954,29.8774904417263,0,31.3104028391133,-11.7019284974084,900,60
60,950,1.36013129327297,19.5121929248245,-60300.200360255,-88591.0979064513,0,-125565.051017641,23326.2472490651,-4.17058549619394,60,950,13.2452507262359,29.8962356772957,0,31.271698625051,-11.8697877784806,950,60
60,1000,1.34892871960372,18.0567924776612,-61899.1449060956,-91113.3579282091,0,-127304.518054604,25707.984779701,-4.4159112178868,60,1000,13.3552497905838,29.9153264443019,0,31.2332930244336,-12.0372832104521,1000,60
