T_C,P_kbar,reference,experiment_type,molality_m,predicted_m_dew,abs_diff_dew,rel_diff_pct_dew,predicted_m_perplex,abs_diff_perplex,rel_diff_pct_perplex,predicted_delta,abs_diff_delta
320,0.2,Kennedy_1950,3phase,0.013314626,0.0130588821775623,0.0002557438224376,1.9583898450131492,0.0130588821775623,0.0002557438224376,1.9583898450131492,0.0,0.0
337,0.2,Kennedy_1950,3phase,0.013314626,0.0143436188354611,-0.0010289928354611,-7.173871860825343,0.0143436188354611,-0.0010289928354611,-7.173871860825343,0.0,0.0
350,0.2,Kennedy_1950,3phase,0.013314626,2.2523348645790162e-07,0.0133144007665135,5911377.111769807,2.2523348645790162e-07,0.0133144007665135,5911377.111769807,0.0,0.0
360,0.2,Kennedy_1950,3phase,0.011650298,1.739884817945629e-07,0.0116501240115182,6695916.816651176,1.739884817945629e-07,0.0116501240115182,6695916.816651176,0.0,0.0
365,0.2,Kennedy_1950,3phase,0.010568485,1.5148609506033848e-07,0.0105683335139049,6976438.008845275,1.5148609506033848e-07,0.0105683335139049,6976438.008845275,0.0,0.0
368,0.2,Kennedy_1950,3phase,0.007739127,1.390468819114526e-07,0.007738987953118,5565740.020007359,1.390468819114526e-07,0.007738987953118,5565740.020007359,0.0,0.0
326,0.25,Kennedy_1950,2phase,0.013647492,0.013977879415704,-0.000330387415704,-2.3636447695553344,0.013977879415704,-0.000330387415704,-2.3636447695553344,0.0,0.0
336,0.25,Kennedy_1950,2phase,0.014313223,0.0148540303229184,-0.0005408073229184,-3.640812029877105,0.0148540303229184,-0.0005408073229184,-3.640812029877105,0.0,0.0
358,0.25,Kennedy_1950,2phase,0.014479656,7.863384158935524e-06,0.014471792615841,184040.25955410185,7.863384158935524e-06,0.014471792615841,184040.25955410185,0.0,0.0
369,0.25,Kennedy_1950,2phase,0.012648895,6.705531090725263e-06,0.0126421894689092,188533.75367083575,6.705531090725263e-06,0.0126421894689092,188533.75367083575,0.0,0.0
374,0.25,Kennedy_1950,2phase,0.009819537,6.209290010533791e-06,0.0098133277099894,158042.66982765472,6.209290010533791e-06,0.0098133277099894,158042.66982765472,0.0,0.0
375,0.25,Kennedy_1950,2phase,0.010152403,6.112727543932625e-06,0.010146290272456,165986.29988878008,6.112727543932625e-06,0.010146290272456,165986.29988878008,0.0,0.0
380,0.25,Kennedy_1950,2phase,0.00765591,5.641493067734203e-06,0.0076502685069322,135607.15957778975,5.641493067734203e-06,0.0076502685069322,135607.15957778975,0.0,0.0
389,0.25,Kennedy_1950,2phase,0.002662925,4.853457253548001e-06,0.0026580715427464,54766.55925635966,4.853457253548001e-06,0.0026580715427464,54766.55925635966,0.0,0.0
300,0.3,Kennedy_1950,2phase,0.012815328,0.0115943253620215,0.0012210026379784,10.53103651876062,0.0115943253620215,0.0012210026379784,10.53103651876062,0.0,0.0
300,0.3,Kennedy_1950,2phase,0.012815328,0.0115943253620215,0.0012210026379784,10.53103651876062,0.0115943253620215,0.0012210026379784,10.53103651876062,0.0,0.0
300,0.3,Kennedy_1950,2phase,0.012815328,0.0115943253620215,0.0012210026379784,10.53103651876062,0.0115943253620215,0.0012210026379784,10.53103651876062,0.0,0.0
300,0.3,Kennedy_1950,2phase,0.012815328,0.0115943253620215,0.0012210026379784,10.53103651876062,0.0115943253620215,0.0012210026379784,10.53103651876062,0.0,0.0
325,0.3,Kennedy_1950,2phase,0.014646089,0.014240684941118,0.0004054040588819,2.8468016851590687,0.014240684941118,0.0004054040588819,2.8468016851590687,0.0,0.0
341,0.3,Kennedy_1950,2phase,0.015145387,0.0158036842520746,-0.0006582972520746,-4.165466998546279,0.0158036842520746,-0.0006582972520746,-4.165466998546279,0.0,0.0
355,0.3,Kennedy_1950,2phase,0.016143984,0.0168336095971195,-0.0006896255971195,-4.09671849130671,0.0168336095971195,-0.0006896255971195,-4.09671849130671,0.0,0.0
360,0.3,Kennedy_1950,2phase,0.016143984,0.0170484521574826,-0.0009044681574826,-5.305280204488623,0.0170484521574826,-0.0009044681574826,-5.305280204488623,0.0,0.0
372,0.3,Kennedy_1950,2phase,0.014812522,7.076858019775456e-05,0.0147417534198022,20830.93002375932,7.076858019775456e-05,0.0147417534198022,20830.93002375932,0.0,0.0
381,0.3,Kennedy_1950,2phase,0.012981761,6.453380290206017e-05,0.0129172271970979,20016.218812800773,6.453380290206017e-05,0.0129172271970979,20016.218812800773,0.0,0.0
385,0.3,Kennedy_1950,2phase,0.012149596,6.181600328875068e-05,0.0120877799967112,19554.4508761714,6.181600328875068e-05,0.0120877799967112,19554.4508761714,0.0,0.0
390,0.3,Kennedy_1950,2phase,0.010568485,5.848918721022312e-05,0.0105099958127897,17969.12611388242,5.848918721022312e-05,0.0105099958127897,17969.12611388242,0.0,0.0
391,0.3,Kennedy_1950,2phase,0.010152403,5.783307788907263e-05,0.0100945699221109,17454.664857147895,5.783307788907263e-05,0.0100945699221109,17454.664857147895,0.0,0.0
397,0.3,Kennedy_1950,2phase,0.007988776,5.396844397534404e-05,0.0079348075560246,14702.679883914649,5.396844397534404e-05,0.0079348075560246,14702.679883914649,0.0,0.0
408,0.3,Kennedy_1950,2phase,0.004826552,4.724831333542677e-05,0.0047793036866645,10115.289518876967,4.724831333542677e-05,0.0047793036866645,10115.289518876967,0.0,0.0
348,0.35,Kennedy_1950,2phase,0.016143984,0.0169922995407249,-0.0008483155407249,-4.992352793050603,0.0169922995407249,-0.0008483155407249,-4.992352793050603,0.0,0.0
366,0.35,Kennedy_1950,2phase,0.017309014,0.0183051581096108,-0.0009961441096108,-5.44187656640796,0.0183051581096108,-0.0009961441096108,-5.44187656640796,0.0,0.0
385,0.35,Kennedy_1950,2phase,0.015811119,0.0003414075030808,0.0154697114969191,4531.157445961391,0.0003414075030808,0.0154697114969191,4531.157445961391,0.0,0.0
392,0.35,Kennedy_1950,2phase,0.013647492,0.0003197030493847,0.0133277889506152,4168.802573596303,0.0003197030493847,0.0133277889506152,4168.802573596303,0.0,0.0
400,0.35,Kennedy_1950,2phase,0.012648895,0.0002965419441761,0.0123523530558238,4165.465728681926,0.0002965419441761,0.0123523530558238,4165.465728681926,0.0,0.0
420,0.35,Kennedy_1950,2phase,0.008071992,0.0002445953469244,0.0078273966530755,3200.141274761844,0.0002445953469244,0.0078273966530755,3200.141274761844,0.0,0.0
428,0.35,Kennedy_1950,2phase,0.006574097,0.0002258782907557,0.0063482187092442,2810.459866684929,0.0002258782907557,0.0063482187092442,2810.459866684929,0.0,0.0
361,0.4,Kennedy_1950,2phase,0.017808313,0.0188267288663348,-0.0010184158663348,-5.409414846123092,0.0188267288663348,-0.0010184158663348,-5.409414846123092,0.0,0.0
392,0.4,Kennedy_1950,2phase,0.016976149,0.0012923785537856,0.0156837704462143,1213.5585506486198,0.0012923785537856,0.0156837704462143,1213.5585506486198,0.0,0.0
407,0.4,Kennedy_1950,2phase,0.015644686,0.00104599047564,0.0145986955243599,1395.6814965668432,0.00104599047564,0.0145986955243599,1395.6814965668432,0.0,0.0
430,0.4,Kennedy_1950,2phase,0.01090135,0.0008298114965457,0.0100715385034542,1213.7140236521757,0.0008298114965457,0.0100715385034542,1213.7140236521757,0.0,0.0
453,0.4,Kennedy_1950,2phase,0.00765591,0.0006764514815715,0.0069794585184284,1031.7751839664847,0.0006764514815715,0.0069794585184284,1031.7751839664847,0.0,0.0
317,0.5,Kennedy_1950,2phase,0.014479656,0.0143587554109205,0.0001209005890794,0.8419990843185085,0.0143587554109205,0.0001209005890794,0.8419990843185085,0.0,0.0
343,0.5,Kennedy_1950,2phase,0.017475447,0.0177820395753945,-0.0003065925753945,-1.7241699080387909,0.0177820395753945,-0.0003065925753945,-1.7241699080387909,0.0,0.0
368,0.5,Kennedy_1950,2phase,0.019639074,0.0209397104815247,-0.0013006364815247,-6.211339372014438,0.0209397104815247,-0.0013006364815247,-6.211339372014438,0.0,0.0
380,0.5,Kennedy_1950,2phase,0.019639074,0.0221820664584749,-0.0025429924584749,-11.46418194731988,0.0221820664584749,-0.0025429924584749,-11.46418194731988,0.0,0.0
395,0.5,Kennedy_1950,2phase,0.019805507,0.0231493840434262,-0.0033438770434262,-14.44477761115977,0.0231493840434262,-0.0033438770434262,-14.44477761115977,0.0,0.0
396,0.5,Kennedy_1950,2phase,0.019639074,0.0231785909957952,-0.0035395169957952,-15.27063054193988,0.0231785909957952,-0.0035395169957952,-15.27063054193988,0.0,0.0
423,0.5,Kennedy_1950,2phase,0.018474044,0.019992715399664,-0.001518671399664,-7.596123734595752,0.019992715399664,-0.001518671399664,-7.596123734595752,0.0,0.0
438,0.5,Kennedy_1950,2phase,0.01647685,0.006130802883055,0.0103460471169449,168.7551747184752,0.006130802883055,0.0103460471169449,168.7551747184752,0.0,0.0
455,0.5,Kennedy_1950,2phase,0.015395037,0.0043284314408325,0.0110666055591674,255.67242338113323,0.0043284314408325,0.0110666055591674,255.67242338113323,0.0,0.0
475,0.5,Kennedy_1950,2phase,0.013397843,0.0035547406502392,0.0098431023497607,276.9007170494507,0.0035547406502392,0.0098431023497607,276.9007170494507,0.0,0.0
506,0.5,Kennedy_1950,2phase,0.011067783,0.002868744649931,0.0081990383500689,285.8057914030741,0.002868744649931,0.0081990383500689,285.8057914030741,0.0,0.0
511,0.5,Kennedy_1950,2phase,0.010734917,0.002781563817976,0.0079533531820239,285.93099790214734,0.002781563817976,0.0079533531820239,285.93099790214734,0.0,0.0
540,0.5,Kennedy_1950,2phase,0.009819537,0.0023432773450712,0.0074762596549287,319.051420466896,0.0023432773450712,0.0074762596549287,319.051420466896,0.0,0.0
401,0.6,Kennedy_1950,2phase,0.02296773,0.0262197185885063,-0.0032519885885063,-12.402835589287577,0.0262197185885063,-0.0032519885885063,-12.402835589287577,0.0,0.0
410,0.6,Kennedy_1950,2phase,0.022634865,0.0268671996441264,-0.0042323346441264,-15.752794113962342,0.0268671996441264,-0.0042323346441264,-15.752794113962342,0.0,0.0
442,0.6,Kennedy_1950,2phase,0.022301999,0.0250006963136708,-0.0026986973136708,-10.794488600684025,0.0250006963136708,-0.0026986973136708,-10.794488600684025,0.0,0.0
478,0.6,Kennedy_1950,2phase,0.019139775,0.0123702703086542,0.0067695046913457,54.72398357059173,0.0123702703086542,0.0067695046913457,54.72398357059173,0.0,0.0
506,0.6,Kennedy_1950,2phase,0.01764188,0.0093006208106933,0.0083412591893066,89.6849722086979,0.0093006208106933,0.0083412591893066,89.6849722086979,0.0,0.0
507,0.6,Kennedy_1950,2phase,0.017808313,0.0092392631423957,0.0085690498576042,92.74603099335869,0.0092392631423957,0.0085690498576042,92.74603099335869,0.0,0.0
545,0.6,Kennedy_1950,2phase,0.016643283,0.0076415311653142,0.0090017518346857,117.80036801453656,0.0076415311653142,0.0090017518346857,117.80036801453656,0.0,0.0
605,0.6,Kennedy_1950,2phase,0.016310417,0.006139676457472,0.0101707405425279,165.65596921886592,0.006139676457472,0.0101707405425279,165.65596921886592,0.0,0.0
330,0.75,Kennedy_1950,2phase,0.017309014,0.017272431198033,3.6582801966934114e-05,0.2117987997607427,0.017272431198033,3.6582801966934114e-05,0.2117987997607427,0.0,0.0
355,0.75,Kennedy_1950,2phase,0.020471238,0.0213937471495757,-0.0009225091495757,-4.312050353432654,0.0213937471495757,-0.0009225091495757,-4.312050353432654,0.0,0.0
378,0.75,Kennedy_1950,2phase,0.023966327,0.025403907831611,-0.0014375808316109,-5.658896423101353,0.025403907831611,-0.0014375808316109,-5.658896423101353,0.0,0.0
410,0.75,Kennedy_1950,2phase,0.025630656,0.0306996663422151,-0.0050690103422151,-16.511613793159633,0.0306996663422151,-0.0050690103422151,-16.511613793159633,0.0,0.0
436,0.75,Kennedy_1950,2phase,0.026629253,0.0337792270223884,-0.0071499740223884,-21.16677808420408,0.0337792270223884,-0.0071499740223884,-21.16677808420408,0.0,0.0
449,0.75,Kennedy_1950,2phase,0.02646282,0.0344701110848535,-0.0080072910848535,-23.229664288410245,0.0344701110848535,-0.0080072910848535,-23.229664288410245,0.0,0.0
504,0.75,Kennedy_1950,2phase,0.027211767,0.0281051995403802,-0.0008934325403802,-3.178887020875401,0.0281051995403802,-0.0008934325403802,-3.178887020875401,0.0,0.0
553,0.75,Kennedy_1950,2phase,0.02762785,0.0220092019759359,0.005618648024064,25.52863129797829,0.0220092019759359,0.005618648024064,25.52863129797829,0.0,0.0
559,0.75,Kennedy_1950,2phase,0.027794282,0.021635529733747,0.0061587522662529,28.46591852404045,0.021635529733747,0.0061587522662529,28.46591852404045,0.0,0.0
69,0.000293842,Morey_Fournier_Rowe_1962,3phase,0.000382796,0.0004417937277818,-5.899772778185147e-05,-13.354134310160084,0.0004417937277818,-5.899772778185147e-05,-13.354134310160084,0.0,0.0
84,0.000557288,Morey_Fournier_Rowe_1962,3phase,0.00014979,0.0005822236595413,-0.0004324336595413,-74.27277343590022,0.0005822236595413,-0.0004324336595413,-74.27277343590022,0.0,0.0
84,0.000658613,Morey_Fournier_Rowe_1962,3phase,4.99e-05,0.0005822309023025,-0.0005323309023025,-91.42951708632113,0.0005822309023025,-0.0005323309023025,-91.42951708632113,0.0,0.0
136,0.003141075,Morey_Fournier_Rowe_1962,3phase,0.001647685,0.001409057592144,0.0002386274078559,16.9352487213021,0.001409057592144,0.0002386274078559,16.9352487213021,0.0,0.0
136,0.003141075,Morey_Fournier_Rowe_1962,3phase,0.001664328,0.001409057592144,0.0002552704078559,18.11639277764092,0.001409057592144,0.0002552704078559,18.11639277764092,0.0,0.0
160,0.0062,Kennedy_1950,3phase,0.00116503,0.0020380158628543,-0.0008729858628543,-42.83508675107466,0.0020380158628543,-0.0008729858628543,-42.83508675107466,0.0,0.0
182,0.0111,Kennedy_1950,3phase,0.002829358,0.0027988470761279,3.05109238720137e-05,1.0901247207197713,0.0027988470761279,3.05109238720137e-05,1.0901247207197713,0.0,0.0
190,0.0125643,Morey_Fournier_Rowe_1962,3phase,0.003927815,0.0031375051612988,0.0007903098387011,25.18911676862193,0.0031375051612988,0.0007903098387011,25.18911676862193,0.0,0.0
200,0.0155,Kennedy_1950,3phase,0.003994388,0.0035740545516292,0.0004203334483707,11.760689220010947,0.0035740545516292,0.0004203334483707,11.760689220010947,0.0,0.0
219,0.022798125,Morey_Fournier_Rowe_1962,3phase,0.003461803,0.0045596830555388,-0.0010978800555388,-24.07799055693665,0.0045596830555388,-0.0010978800555388,-24.07799055693665,0.0,0.0
219,0.022798125,Morey_Fournier_Rowe_1962,3phase,0.005292564,0.0045596830555388,0.0007328809444611,16.07306770085332,0.0045596830555388,0.0007328809444611,16.07306770085332,0.0,0.0
219,0.022798125,Morey_Fournier_Rowe_1962,3phase,0.00552557,0.0045596830555388,0.0009658869444611,21.183203584463804,0.0045596830555388,0.0009658869444611,21.183203584463804,0.0,0.0
222,0.025,Kennedy_1950,3phase,0.005991582,0.0047325756627208,0.0012590063372791,26.60298380850953,0.0047325756627208,0.0012590063372791,26.60298380850953,0.0,0.0
240,0.03343725,Morey_Fournier_Rowe_1962,3phase,0.007323044,0.0057890860166805,0.0015339579833194,26.49741218042865,0.0057890860166805,0.0015339579833194,26.49741218042865,0.0,0.0
240,0.0335,Kennedy_1950,3phase,0.007156612,0.0057890930103725,0.0013675189896274,23.62233578173992,0.0057890930103725,0.0013675189896274,23.62233578173992,0.0,0.0
263,0.0517,Kennedy_1950,3phase,0.009486671,0.007547821777792,0.0019388492222079,25.687533162384,0.007547821777792,0.0019388492222079,25.687533162384,0.0,0.0
280,0.0642,Kennedy_1950,3phase,0.010485268,0.0086450695248104,0.0018401984751895,21.286103829569097,0.0086450695248104,0.0018401984751895,21.286103829569097,0.0,0.0
300,0.0859,Kennedy_1950,3phase,0.011317432,0.010157930150434,0.0011595018495659,11.414745252175498,0.010157930150434,0.0011595018495659,11.414745252175498,0.0,0.0
318,0.1067,Kennedy_1950,3phase,0.011816731,0.0121520100622945,-0.0003352790622945,-2.7590420068437083,0.0121520100622945,-0.0003352790622945,-2.7590420068437083,0.0,0.0
330,0.1281,Kennedy_1950,3phase,0.012316029,0.0130497845233691,-0.0007337555233691,-5.622740529203227,0.0130497845233691,-0.0007337555233691,-5.622740529203227,0.0,0.0
325,0.15,Kennedy_1950,3phase,0.012815328,0.013024415290303,-0.000209087290303,-1.6053487672398208,0.013024415290303,-0.000209087290303,-1.6053487672398208,0.0,0.0
339,0.15,Kennedy_1950,3phase,0.012648895,0.0136550026408382,-0.0010061076408382,-7.368051602050298,0.0136550026408382,-0.0010061076408382,-7.368051602050298,0.0,0.0
346,0.1565,Kennedy_1950,3phase,0.011650298,,,,,,,,
360,0.1867,Kennedy_1950,3phase,0.009320238,0.0111022822196511,-0.0017820442196511,-16.05115222613377,0.0111022822196511,-0.0017820442196511,-16.05115222613377,0.0,0.0
360,0.1867,Kennedy_1950,3phase,0.009486671,0.0111022822196511,-0.0016156112196511,-14.552064050322386,0.0111022822196511,-0.0016156112196511,-14.552064050322386,0.0,0.0
360,0.1867,Kennedy_1950,3phase,0.010152403,0.0111022822196511,-0.0009498792196511,-8.555711347076873,0.0111022822196511,-0.0009498792196511,-8.555711347076873,0.0,0.0
368,0.2051,Kennedy_1950,3phase,0.007739127,2.333168598796293e-07,0.0077388936831401,3316902.8964013574,2.333168598796293e-07,0.0077388936831401,3316902.8964013574,0.0,0.0
373,0.221,Kennedy_1950,3phase,0.003827955,8.480587011619621e-07,0.0038271069412988,451278.5419281888,8.480587011619621e-07,0.0038271069412988,451278.5419281888,0.0,0.0
200,1.0,Hemley_1980,table2_-log_mol_per_L_approx,0.005370318,0.0040248175338834,0.0013455004661165,33.43009850233566,0.0040248175338834,0.0013455004661165,33.43009850233566,0.0,0.0
250,1.0,Hemley_1980,table2_-log_mol_per_L_approx,0.009332543,0.0076742010323787,0.0016583419676212,21.609310996993504,0.0076742010323787,0.0016583419676212,21.609310996993504,0.0,0.0
300,1.0,Hemley_1980,table2_-log_mol_per_L_approx,0.014791084,0.0135087592137322,0.0012823247862677,9.492543067643531,0.0135087592137322,0.0012823247862677,9.492543067643531,0.0,0.0
350,1.0,Hemley_1980,table2_-log_mol_per_L_approx,0.021877616,0.0219490272951468,-7.141129514680669e-05,-0.3253506143417872,0.0219490272951468,-7.141129514680669e-05,-0.3253506143417872,0.0,0.0
350,1.0,Walther_Orville_1983,extraction_quench_logm,0.022080047,0.0219490272951468,0.0001310197048531,0.5969271580529802,0.0219490272951468,0.0001310197048531,0.5969271580529802,0.0,0.0
400,1.0,Hemley_1980,table2_-log_mol_per_L_approx,0.030199517,0.0327020137585832,-0.0025024967585832,-7.652424028249456,0.0327020137585832,-0.0025024967585832,-7.652424028249456,0.0,0.0
400,1.0,Walther_Orville_1983,extraction_quench_logm,0.02864178,0.0327020137585832,-0.0040602337585832,-12.415852395382176,0.0327020137585832,-0.0040602337585832,-12.415852395382176,0.0,0.0
450,1.0,Hemley_1980,table2_-log_mol_per_L_approx,0.03801894,0.0439420416187737,-0.0059231016187737,-13.479350072444529,0.0439420416187737,-0.0059231016187737,-13.479350072444529,0.0,0.0
460,1.0,Walther_Orville_1983,extraction_quench_logm,0.03944573,0.0459336689398004,-0.0064879389398004,-14.124582445838042,0.0459336689398004,-0.0064879389398004,-14.124582445838042,0.0,0.0
500,1.0,Hemley_1980,table2_-log_mol_per_L_approx,0.046773514,0.0518144654559598,-0.0050409514559598,-9.728849678560213,0.0518144654559598,-0.0050409514559598,-9.728849678560213,0.0,0.0
500,1.0,Walther_Orville_1983,extraction_quench_logm,0.04102041,0.0518144654559598,-0.0107940554559598,-20.832127401052404,0.0518144654559598,-0.0107940554559598,-20.832127401052404,0.0,0.0
550,1.0,Walther_Orville_1983,extraction_quench_logm,0.044055486,0.0535981606697515,-0.0095426746697515,-17.80410848153786,0.0535981606697515,-0.0095426746697515,-17.80410848153786,0.0,0.0
45,1.01325,Morey_Fournier_Rowe_1962,L,0.000316222,0.0003190404292542,-2.818429254282265e-06,-0.8834081814865897,0.0003190404292542,-2.818429254282265e-06,-0.8834081814865897,0.0,0.0
45,1.01325,Morey_Fournier_Rowe_1962,L,0.000349509,0.0003190404292542,3.0468570745717744e-05,9.550065744624993,0.0003190404292542,3.0468570745717744e-05,9.550065744624993,0.0,0.0
75,1.01325,Morey_Fournier_Rowe_1962,L,0.000599158,0.0005517888496256,4.736915037432152e-05,8.584651612017117,0.0005517888496256,4.736915037432152e-05,8.584651612017117,0.0,0.0
75,1.01325,Morey_Fournier_Rowe_1962,L,0.000632445,0.0005517888496256,8.065615037432152e-05,14.617212803237488,0.0005517888496256,8.065615037432152e-05,14.617212803237488,0.0,0.0
90,1.01325,Morey_Fournier_Rowe_1962,L,0.000882094,0.0007206066073396,0.0001614873926603,22.40992394678829,0.0007206066073396,0.0001614873926603,22.40992394678829,0.0,0.0
90,1.01325,Morey_Fournier_Rowe_1962,L,0.000948667,0.0007206066073396,0.0002280603926603,31.64839044458732,0.0007206066073396,0.0002280603926603,31.64839044458732,0.0,0.0
100,1.01325,Morey_Fournier_Rowe_1962,L,0.001098457,0.0008576322740902,0.0002408247259097,28.080184618189644,0.0008576322740902,0.0002408247259097,28.080184618189644,0.0,0.0
100,1.01325,Morey_Fournier_Rowe_1962,L,0.001131743,0.0008576322740902,0.0002741107259097,31.96133520050744,0.0008576322740902,0.0002741107259097,31.96133520050744,0.0,0.0
100,1.01325,Morey_Fournier_Rowe_1962,L,0.001148387,0.0008576322740902,0.0002907547259097,33.902027091755954,0.0008576322740902,0.0002907547259097,33.902027091755954,0.0,0.0
105,1.01325,Morey_Fournier_Rowe_1962,L,0.001348106,0.0009344511588393,0.0004136548411606,44.2671441142526,0.0009344511588393,0.0004136548411606,44.2671441142526,0.0,0.0
110,1.01325,Morey_Fournier_Rowe_1962,L,0.001497895,0.0010172706471225,0.0004806243528774,47.246458377314845,0.0010172706471225,0.0004806243528774,47.246458377314845,0.0,0.0
116,1.01325,Morey_Fournier_Rowe_1962,L,0.001764188,0.0011250930306316,0.0006390949693683,56.8037443987663,0.0011250930306316,0.0006390949693683,56.8037443987663,0.0,0.0
120,1.01325,Morey_Fournier_Rowe_1962,L,0.001847404,0.0012023960815424,0.0006450079184575,53.64354794221175,0.0012023960815424,0.0006450079184575,53.64354794221175,0.0,0.0
120,1.01325,Morey_Fournier_Rowe_1962,L,0.001864048,0.0012023960815424,0.0006616519184575,55.02778399017429,0.0012023960815424,0.0006616519184575,55.02778399017429,0.0,0.0
120,1.01325,Morey_Fournier_Rowe_1962,L,0.001897334,0.0012023960815424,0.0006949379184575,57.79608975155863,0.0012023960815424,0.0006949379184575,57.79608975155863,0.0,0.0
125,1.01325,Morey_Fournier_Rowe_1962,L,0.001997194,0.0013054839232129,0.000691710076787,52.98495557759549,0.0013054839232129,0.000691710076787,52.98495557759549,0.0,0.0
137,1.01325,Morey_Fournier_Rowe_1962,L,0.002379989,0.0015845844047211,0.0007954045952788,50.19641698536198,0.0015845844047211,0.0007954045952788,50.19641698536198,0.0,0.0
137,1.01325,Morey_Fournier_Rowe_1962,L,0.002396633,0.0015845844047211,0.0008120485952788,51.24678703509935,0.0015845844047211,0.0008120485952788,51.24678703509935,0.0,0.0
137,1.01325,Morey_Fournier_Rowe_1962,L,0.002446563,0.0015845844047211,0.0008619785952788,54.39777096825161,0.0015845844047211,0.0008619785952788,54.39777096825161,0.0,0.0
145,1.01325,Morey_Fournier_Rowe_1962,L,0.002879288,0.0017978801656441,0.0010814078343558,60.149049698673096,0.0017978801656441,0.0010814078343558,60.149049698673096,0.0,0.0
150,1.01325,Morey_Fournier_Rowe_1962,L,0.002945861,0.0019432688841713,0.0010025921158286,51.593072065075184,0.0019432688841713,0.0010025921158286,51.593072065075184,0.0,0.0
160,1.01325,Morey_Fournier_Rowe_1962,L,0.00339523,0.0022642091271848,0.0011310208728151,49.95213822061312,0.0022642091271848,0.0011310208728151,49.95213822061312,0.0,0.0
160,1.01325,Morey_Fournier_Rowe_1962,L,0.003411873,0.0022642091271848,0.0011476638728151,50.68718516482771,0.0022642091271848,0.0011476638728151,50.68718516482771,0.0,0.0
160,1.01325,Morey_Fournier_Rowe_1962,L,0.003461803,0.0022642091271848,0.0011975938728151,52.892370163003136,0.0022642091271848,0.0011975938728151,52.892370163003136,0.0,0.0
160,1.01325,Morey_Fournier_Rowe_1962,L,0.003495089,0.0022642091271848,0.0012308798728151,54.3624640514323,0.0022642091271848,0.0012308798728151,54.3624640514323,0.0,0.0
185,1.01325,Morey_Fournier_Rowe_1962,L,0.004377183,0.0032674482364283,0.0011097347635716,33.96334641814195,0.0032674482364283,0.0011097347635716,33.96334641814195,0.0,0.0
190,1.01325,Morey_Fournier_Rowe_1962,L,0.004793265,0.0035070692847811,0.0012861957152188,36.67437426458249,0.0035070692847811,0.0012861957152188,36.67437426458249,0.0,0.0
200,1.01325,Morey_Fournier_Rowe_1962,L,0.005458997,0.004030080420492,0.0014289165795079,35.4562795382999,0.004030080420492,0.0014289165795079,35.4562795382999,0.0,0.0
200,1.01325,Morey_Fournier_Rowe_1962,L,0.005492283,0.004030080420492,0.0014622025795079,36.28221839130015,0.004030080420492,0.0014622025795079,36.28221839130015,0.0,0.0
225,1.01325,Morey_Fournier_Rowe_1962,L,0.007389618,0.005622425529727,0.0017671924702729,31.431140544758403,0.005622425529727,0.0017671924702729,31.431140544758403,0.0,0.0
246,1.01325,Morey_Fournier_Rowe_1962,L,0.009286952,0.0073211594812781,0.0019657925187218,26.85083590582718,0.0073211594812781,0.0019657925187218,26.85083590582718,0.0,0.0
265,1.01325,Morey_Fournier_Rowe_1962,L,0.011151,,,,,,,,
270,1.01325,Morey_Fournier_Rowe_1962,L,0.012149596,0.0097308830256242,0.0024187129743757,24.85604819219968,0.0097308830256242,0.0024187129743757,24.85604819219968,0.0,0.0
273,1.01325,Morey_Fournier_Rowe_1962,L,0.012898544,0.010070334009008,0.0028282099909919,28.084569870890657,0.010070334009008,0.0028282099909919,28.084569870890657,0.0,0.0
297,1.01325,Morey_Fournier_Rowe_1962,L,0.014812522,0.0131144140080402,0.0016981079919597,12.94840921537674,0.0131144140080402,0.0016981079919597,12.94840921537674,0.0,0.0
300,1.01325,Morey_Fournier_Rowe_1962,L,0.01531182,0.0135373082114631,0.0017745117885368,13.108306029659802,0.0135373082114631,0.0017745117885368,13.108306029659802,0.0,0.0
300,1.01325,Morey_Fournier_Rowe_1962,L,0.015378393,0.0135373082114631,0.0018410847885368,13.600080309746204,0.0135373082114631,0.0018410847885368,13.600080309746204,0.0,0.0
394,1.25,Kennedy_1950,2phase,0.031455805,0.0337607856961387,-0.0023049806961387,-6.827390561595857,0.0337607856961387,-0.0023049806961387,-6.827390561595857,0.0,0.0
427,1.5,Kennedy_1950,2phase,0.039943879,0.0464204379678465,-0.0064765589678465,-13.951955757790502,0.0464204379678465,-0.0064765589678465,-13.951955757790502,0.0,0.0
429,1.5,Kennedy_1950,2phase,0.045103297,0.0471140022951829,-0.0020107052951829,-4.267744613555127,0.0471140022951829,-0.0020107052951829,-4.267744613555127,0.0,0.0
442,1.5,Kennedy_1950,2phase,0.046101894,0.0517434374139883,-0.0056415434139883,-10.902915801382788,0.0517434374139883,-0.0056415434139883,-10.902915801382788,0.0,0.0
413,1.75,Kennedy_1950,2phase,0.042440371,0.0440089279497118,-0.0015685569497118,-3.5641789581972607,0.0440089279497118,-0.0015685569497118,-3.5641789581972607,0.0,0.0
435,1.75,Kennedy_1950,2phase,0.050928446,0.0523488876475125,-0.0014204416475125,-2.713413238265985,0.0523488876475125,-0.0014204416475125,-2.713413238265985,0.0,0.0
200,2.0,Hemley_1980,table2_-log_mol_per_L_approx,0.005888437,0.0043920851006795,0.0014963518993204,34.06928292643804,0.0043920851006795,0.0014963518993204,34.06928292643804,0.0,0.0
250,2.0,Hemley_1980,table2_-log_mol_per_L_approx,0.010964782,0.0084955244925899,0.00246925750741,29.065392131631977,0.0084955244925899,0.00246925750741,29.065392131631977,0.0,0.0
300,2.0,Hemley_1980,table2_-log_mol_per_L_approx,0.018197009,0.0153220946747818,0.0028749143252181,18.763193846791317,0.0153220946747818,0.0028749143252181,18.763193846791317,0.0,0.0
350,2.0,Hemley_1980,table2_-log_mol_per_L_approx,0.028840315,0.0259003184299798,0.0029399965700201,11.35119854981042,0.0259003184299798,0.0029399965700201,11.35119854981042,0.0,0.0
350,2.0,Walther_Orville_1983,extraction_quench_logm,0.030549211,0.0259003184299798,0.0046488925700201,17.949171484467236,0.0259003184299798,0.0046488925700201,17.949171484467236,0.0,0.0
400,2.0,Hemley_1980,table2_-log_mol_per_L_approx,0.040738028,0.0411945937174423,-0.0004565657174423,-1.1083146506407502,0.0411945937174423,-0.0004565657174423,-1.1083146506407502,0.0,0.0
400,2.0,Walther_Orville_1983,extraction_quench_logm,0.040550854,0.0411945937174423,-0.0006437397174423,-1.5626800979221327,0.0411945937174423,-0.0006437397174423,-1.5626800979221327,0.0,0.0
400,2.0,Walther_Orville_1983,extraction_quench_logm,0.040364539,0.0411945937174423,-0.0008300547174423,-2.014960320123016,0.0411945937174423,-0.0008300547174423,-2.014960320123016,0.0,0.0
400,2.0,Walther_Orville_1983,extraction_quench_logm,0.040831939,0.0411945937174423,-0.0003626547174423,-0.8803454160267626,0.0411945937174423,-0.0003626547174423,-0.8803454160267626,0.0,0.0
425,2.0,Walther_Orville_1983,extraction_quench_logm,0.047863009,0.0508288659801924,-0.0029658569801924,-5.834985540201111,0.0508288659801924,-0.0029658569801924,-5.834985540201111,0.0,0.0
450,2.0,Hemley_1980,table2_-log_mol_per_L_approx,0.054954087,0.0618375488959631,-0.0068834618959631,-11.13152448449087,0.0618375488959631,-0.0068834618959631,-11.13152448449087,0.0,0.0
450,2.0,Walther_Orville_1983,extraction_quench_logm,0.058210322,0.0618375488959631,-0.0036272268959631,-5.865735238092432,0.0618375488959631,-0.0036272268959631,-5.865735238092432,0.0,0.0
450,2.0,Walther_Orville_1983,extraction_quench_logm,0.056104798,0.0618375488959631,-0.0057327508959631,-9.270663210807497,0.0618375488959631,-0.0057327508959631,-9.270663210807497,0.0,0.0
475,2.0,Walther_Orville_1983,extraction_quench_logm,0.062805836,0.0742032363711195,-0.0113974003711194,-15.359707916399527,0.0742032363711195,-0.0113974003711194,-15.359707916399527,0.0,0.0
500,2.0,Hemley_1980,table2_-log_mol_per_L_approx,0.075857758,0.0878612509037976,-0.0120034929037976,-13.661873442868128,0.0878612509037976,-0.0120034929037976,-13.661873442868128,0.0,0.0
500,2.0,Walther_Orville_1983,extraction_quench_logm,0.069502432,0.0878612509037976,-0.0183588189037976,-20.895239613534947,0.0878612509037976,-0.0183588189037976,-20.895239613534947,0.0,0.0
500,2.0,Walther_Orville_1983,extraction_quench_logm,0.071614341,0.0878612509037976,-0.0162469099037976,-18.49155314393028,0.0878612509037976,-0.0162469099037976,-18.49155314393028,0.0,0.0
525,2.0,Walther_Orville_1983,extraction_quench_logm,0.083752928,0.1027032646168638,-0.0189503366168638,-18.45154259463745,0.1027032646168638,-0.0189503366168638,-18.45154259463745,0.0,0.0
525,2.0,Walther_Orville_1983,extraction_quench_logm,0.077983011,0.1027032646168638,-0.0247202536168638,-24.069588935739425,0.1027032646168638,-0.0247202536168638,-24.069588935739425,0.0,0.0
525,2.0,Walther_Orville_1983,extraction_quench_logm,0.082413812,0.1027032646168638,-0.0202894526168638,-19.755411566082124,0.1027032646168638,-0.0202894526168638,-19.755411566082124,0.0,0.0
525,2.0,Walther_Orville_1983,extraction_quench_logm,0.079799469,0.1027032646168638,-0.0229037956168638,-22.30094213879844,0.1027032646168638,-0.0229037956168638,-22.30094213879844,0.0,0.0
550,2.0,Walther_Orville_1983,extraction_quench_logm,0.088104887,0.1185873828482847,-0.0304824958482847,-25.70467035880425,0.1185873828482847,-0.0304824958482847,-25.70467035880425,0.0,0.0
700,2.0,Newton_Manning_2000,weight_loss_quench,0.139,0.2280910477733123,-0.0890910477733122,-39.05942326235232,0.2280910477733123,-0.0890910477733122,-39.05942326235232,0.0,0.0
600,4.35,Newton_Manning_2000,weight_loss_quench,0.219,0.2495692303790984,-0.0305692303790984,-12.248797791564067,0.2495692303790984,-0.0305692303790984,-12.248797791564067,0.0,0.0
700,4.35,Newton_Manning_2000,weight_loss_quench,0.377,0.4429084629318772,-0.0659084629318772,-14.880831695016507,0.4429084629318772,-0.0659084629318772,-14.880831695016507,0.0,0.0
750,4.35,Newton_Manning_2000,weight_loss_quench,0.458,0.5689318413209773,-0.1109318413209772,-19.49826556787709,0.5689318413209773,-0.1109318413209772,-19.49826556787709,0.0,0.0
500,5.0,Manning_1994,SC,0.131,0.1312812186417254,-0.0002812186417254,-0.2142108708580115,0.1312812186417254,-0.0002812186417254,-0.2142108708580115,0.0,0.0
600,5.0,Manning_1994,SC,0.228,0.2672956778734773,-0.0392956778734772,-14.70120212421753,0.2672956778734773,-0.0392956778734772,-14.70120212421753,0.0,0.0
600,5.0,Manning_1994,CQ,0.269,0.2672956778734773,0.0017043221265227,0.6376167920416008,0.2672956778734773,0.0017043221265227,0.6376167920416008,0.0,0.0
700,5.0,Manning_1994,SC,0.51,0.4818041311696223,0.0281958688303777,5.85214343470442,0.4818041311696223,0.0281958688303777,5.85214343470442,0.0,0.0
800,5.0,Manning_1994,SC,0.602,0.7977417315267652,-0.1957417315267652,-24.53698030215157,0.7977417315267652,-0.1957417315267652,-24.53698030215157,0.0,0.0
800,5.0,Manning_1994,SC,0.609,0.7977417315267652,-0.1887417315267652,-23.659503328920767,0.7977417315267652,-0.1887417315267652,-23.659503328920767,0.0,0.0
800,5.0,Manning_1994,SC,0.623,0.7977417315267652,-0.1747417315267652,-21.90454938245918,0.7977417315267652,-0.1747417315267652,-21.90454938245918,0.0,0.0
800,6.5,Manning_1994,CQ,0.759,0.95844376189924,-0.1994437618992399,-20.809125149296683,0.95844376189924,-0.1994437618992399,-20.809125149296683,0.0,0.0
700,7.0,Manning_1994,CQ,0.513,0.5807176645547659,-0.0677176645547659,-11.66103059852412,0.5807176645547659,-0.0677176645547659,-11.66103059852412,0.0,0.0
500,7.5,Manning_1994,SC,0.147,0.15518821249986,-0.00818821249986,-5.276310853743097,0.15518821249986,-0.00818821249986,-5.276310853743097,0.0,0.0
600,7.5,Manning_1994,SC,0.345,0.3236045080388129,0.021395491961187,6.611617400157121,0.3236045080388129,0.021395491961187,6.611617400157121,0.0,0.0
800,7.5,Manning_1994,CQ,0.843,1.053163358480398,-0.2101633584803979,-19.95543775693461,1.053163358480398,-0.2101633584803979,-19.95543775693461,0.0,0.0
800,7.5,Manning_1994,CQ,1.057,1.053163358480398,0.003836641519602,0.3642969050060686,1.053163358480398,0.003836641519602,0.3642969050060686,0.0,0.0
900,8.0,Manning_1994,CQ,0.655,2.0090678531022155,-1.3540678531022154,-67.39781590807847,2.0090678531022155,-1.3540678531022154,-67.39781590807847,0.0,0.0
900,8.0,Manning_1994,CQ,0.661,2.0090678531022155,-1.3480678531022154,-67.0991699469311,2.0090678531022155,-1.3480678531022154,-67.0991699469311,0.0,0.0
700,8.8,Manning_1994,CQ,0.43,0.65495097281591,-0.2249509728159099,-34.34623081003316,0.65495097281591,-0.2249509728159099,-34.34623081003316,0.0,0.0
700,8.8,Manning_1994,CQ,0.555,0.65495097281591,-0.0999509728159099,-15.260832789693954,0.65495097281591,-0.0999509728159099,-15.260832789693954,0.0,0.0
700,8.8,Manning_1994,CQ,0.642,0.65495097281591,-0.0129509728159099,-1.977395767537877,0.65495097281591,-0.0129509728159099,-1.977395767537877,0.0,0.0
700,8.8,Manning_1994,CQ,0.658,0.65495097281591,0.00304902718409,0.4655351790655424,0.65495097281591,0.00304902718409,0.4655351790655424,0.0,0.0
700,8.8,Manning_1994,CQ,0.658,0.65495097281591,0.00304902718409,0.4655351790655424,0.65495097281591,0.00304902718409,0.4655351790655424,0.0,0.0
700,8.8,Manning_1994,CQ,0.658,0.65495097281591,0.00304902718409,0.4655351790655424,0.65495097281591,0.00304902718409,0.4655351790655424,0.0,0.0
700,8.8,Manning_1994,CQ,0.658,0.65495097281591,0.00304902718409,0.4655351790655424,0.65495097281591,0.00304902718409,0.4655351790655424,0.0,0.0
700,8.8,Manning_1994,CQ,0.662,0.65495097281591,0.00704902718409,1.0762679157163972,0.65495097281591,0.00704902718409,1.0762679157163972,0.0,0.0
900,9.0,Manning_1994,CQ,0.917,2.245325610215656,-1.328325610215656,-59.15959824143612,2.245325610215656,-1.328325610215656,-59.15959824143612,0.0,0.0
500,10.0,Manning_1994,SC,0.171,0.1762121253987172,-0.0052121253987172,-2.957869889443605,0.1762121253987172,-0.0052121253987172,-2.957869889443605,0.0,0.0
500,10.0,Manning_1994,SC,0.173,0.1762121253987172,-0.0032121253987172,-1.8228742156359428,0.1762121253987172,-0.0032121253987172,-1.8228742156359428,0.0,0.0
500,10.0,Newton_Manning_2000,weight_loss_quench,0.171,0.1762121253987172,-0.0052121253987172,-2.957869889443605,0.1762121253987172,-0.0052121253987172,-2.957869889443605,0.0,0.0
600,10.0,Manning_1994,SC,0.426,0.3707940091272542,0.0552059908727457,14.888587602233722,0.3707940091272542,0.0552059908727457,14.888587602233722,0.0,0.0
600,10.0,Newton_Manning_2000,weight_loss_quench,0.353,0.3707940091272542,-0.0177940091272542,-4.798893371857976,0.3707940091272542,-0.0177940091272542,-4.798893371857976,0.0,0.0
700,10.0,Newton_Manning_2000,weight_loss_quench,0.684,0.7001195027394651,-0.016119502739465,-2.302393045243248,0.7001195027394651,-0.016119502739465,-2.302393045243248,0.0,0.0
800,10.0,Manning_1994,CQ,0.666,1.2649820699376886,-0.5989820699376885,-47.35103241164467,1.2649820699376886,-0.5989820699376885,-47.35103241164467,0.0,0.0
800,10.0,Newton_Manning_2000,weight_loss_quench,1.248,1.2649820699376886,-0.0169820699376885,-1.342475149748573,1.2649820699376886,-0.0169820699376885,-1.342475149748573,0.0,0.0
850,10.0,Newton_Manning_2000,weight_loss_quench,1.685,1.7351441634956406,-0.0501441634956405,-2.889913388788374,1.7351441634956406,-0.0501441634956405,-2.889913388788374,0.0,0.0
900,10.0,Manning_1994,CQ,1.023,2.478233129844122,-1.455233129844122,-58.72059058203513,2.478233129844122,-1.455233129844122,-58.72059058203513,0.0,0.0
900,10.0,Manning_1994,CQ,1.038,2.478233129844122,-1.440233129844122,-58.1153206492204,2.478233129844122,-1.440233129844122,-58.1153206492204,0.0,0.0
900,10.0,Manning_1994,CQ,1.232,2.478233129844122,-1.246233129844122,-50.28716285148317,2.478233129844122,-1.246233129844122,-50.28716285148317,0.0,0.0
900,10.0,Newton_Manning_2000,weight_loss_quench,2.39,2.478233129844122,-0.0882331298441219,-3.560324038185692,2.478233129844122,-0.0882331298441219,-3.560324038185692,0.0,0.0
700,12.0,Manning_1994,SC,0.654,0.7706021799930732,-0.1166021799930732,-15.131306791024302,0.7706021799930732,-0.1166021799930732,-15.131306791024302,0.0,0.0
500,12.5,Manning_1994,SC,0.18,0.1960154977484274,-0.0160154977484274,-8.170526275928587,0.1960154977484274,-0.0160154977484274,-8.170526275928587,0.0,0.0
600,12.5,Manning_1994,SC,0.34,0.4139406600547053,-0.0739406600547053,-17.862623122100047,0.4139406600547053,-0.0739406600547053,-17.862623122100047,0.0,0.0
600,12.5,Manning_1994,SC,0.37,0.4139406600547053,-0.0439406600547053,-10.615207515226526,0.4139406600547053,-0.0439406600547053,-10.615207515226526,0.0,0.0
500,15.0,Manning_1994,SC,0.216,0.2152217198552566,0.0007782801447433,0.3616178447355435,0.2152217198552566,0.0007782801447433,0.3616178447355435,0.0,0.0
600,15.0,Manning_1994,SC,0.41,0.454946544490396,-0.044946544490396,-9.87952211852549,0.454946544490396,-0.044946544490396,-9.87952211852549,0.0,0.0
700,15.0,Manning_1994,SC,0.678,0.8693105931385924,-0.1913105931385923,-22.00716230178183,0.8693105931385924,-0.1913105931385923,-22.00716230178183,0.0,0.0
700,15.0,Newton_Manning_2000,weight_loss_quench,0.843,0.8693105931385924,-0.0263105931385924,-3.0266044548703395,0.8693105931385924,-0.0263105931385924,-3.0266044548703395,0.0,0.0
500,17.5,Manning_1994,SC,0.23,0.2340957146959214,-0.0040957146959213,-1.7495897783697172,0.2340957146959214,-0.0040957146959213,-1.7495897783697172,0.0,0.0
600,17.5,Manning_1994,SC,0.433,0.4946522626604636,-0.0616522626604636,-12.463758343865624,0.4946522626604636,-0.0616522626604636,-12.463758343865624,0.0,0.0
700,17.5,Manning_1994,SC,0.58,0.9475917667882274,-0.3675917667882274,-38.79220774935023,0.9475917667882274,-0.3675917667882274,-38.79220774935023,0.0,0.0
500,20.0,Manning_1994,SC,0.23,0.252745326107532,-0.022745326107532,-8.99930632064582,0.252745326107532,-0.022745326107532,-8.99930632064582,0.0,0.0
600,20.0,Manning_1994,SC,0.492,0.5334454611101351,-0.0414454611101351,-7.769390524737881,0.5334454611101351,-0.0414454611101351,-7.769390524737881,0.0,0.0
200,,Hemley_1980,table2_-log_mol_per_L_approx,0.004677351,0.0035750173478485,0.0011023336521514,30.8343581273779,0.0035750173478485,0.0011023336521514,30.8343581273779,0.0,0.0
250,,Hemley_1980,table2_-log_mol_per_L_approx,0.007585776,0.0065705288652024,0.0010152471347975,15.451528417663328,0.0065705288652024,0.0010152471347975,15.451528417663328,0.0,0.0
300,,Hemley_1980,table2_-log_mol_per_L_approx,0.011220185,0.0107426378977574,0.0004775471022425,4.4453430040887,0.0107426378977574,0.0004775471022425,4.4453430040887,0.0,0.0
350,,Hemley_1980,table2_-log_mol_per_L_approx,0.012589254,1.5841111526281365e-07,0.0125890955888847,7947103.691555144,1.5841111526281365e-07,0.0125890955888847,7947103.691555144,0.0,0.0
