P_kbar,T_C,molality_calc,molality_lo,molality_med,molality_hi
1.0,341.1,4.983016871878183e-05,,,
1.0,343.3,4.953731821839171e-05,,,
1.0,345.5,4.924320039727323e-05,,,
1.0,347.70000000000005,4.89476838104027e-05,,,
1.0,349.90000000000003,4.865068597434343e-05,,,
1.0,352.1,4.8351961951256096e-05,,,
1.0,354.3,4.805152702990036e-05,,,
1.0,356.5,4.7749233877931764e-05,,,
1.0,358.70000000000005,4.744494340297503e-05,,,
1.0,360.90000000000003,4.7138604518653995e-05,,,
1.0,363.1,4.68301309030748e-05,,,
1.0,365.3,4.6519364219793654e-05,,,
1.0,367.5,4.62063097882602e-05,,,
1.0,369.70000000000005,4.589089868651935e-05,,,
1.0,371.90000000000003,4.5572954788066064e-05,,,
1.0,374.1,4.525253543964324e-05,,,
1.0,376.3,4.492947776983823e-05,,,
1.0,378.5,4.460384623579668e-05,,,
1.0,380.70000000000005,4.427545484452088e-05,,,
1.0,382.90000000000003,4.3944340687691686e-05,,,
1.0,385.1,4.361047199073726e-05,,,
1.0,387.3,4.327375276342313e-05,,,
1.0,389.5,4.293419586045628e-05,,,
1.0,391.70000000000005,4.2591749528184465e-05,,,
1.0,393.90000000000003,4.2246367483653386e-05,,,
1.0,396.1,4.189813758997794e-05,,,
1.0,398.3,4.1546891150003323e-05,,,
1.0,400.5,4.1192722094221014e-05,,,
1.0,402.70000000000005,4.0835598223444175e-05,,,
1.0,404.90000000000003,4.0475491830908805e-05,,,
1.0,407.1,4.0112379502866176e-05,,,
1.0,409.3,3.974630054130806e-05,,,
1.0,411.5,3.937723662961186e-05,,,
1.0,413.70000000000005,3.900517314998839e-05,,,
1.0,415.90000000000003,3.8630210489174506e-05,,,
1.0,418.1,3.825222549452387e-05,,,
1.0,420.3,3.787132114297806e-05,,,
1.0,422.5,3.748748980650508e-05,,,
1.0,424.70000000000005,3.710072682551723e-05,,,
1.0,426.9,3.671108079145767e-05,,,
1.0,429.1,3.6318548797993025e-05,,,
1.0,431.3,3.592317923276514e-05,,,
1.0,433.5,3.552497031401908e-05,,,
1.0,435.70000000000005,3.512396945005511e-05,,,
1.0,437.9,3.4720221615783545e-05,,,
1.0,440.1,3.4313678280922844e-05,,,
1.0,442.3,3.390442981220455e-05,,,
1.0,444.5,3.3492516428994394e-05,,,
1.0,446.70000000000005,3.307797552550432e-05,,,
1.0,448.9,3.26607568311701e-05,,,
1.0,451.1,3.224097962221869e-05,,,
1.0,453.3,3.1818671938065945e-05,,,
1.0,455.5,3.1393818516926955e-05,,,
1.0,457.7,3.096648205548437e-05,,,
1.0,459.9,3.053668040225042e-05,,,
1.0,462.1,3.0104465302949347e-05,,,
1.0,464.3,2.966988206698568e-05,,,
1.0,466.5,2.923293330937896e-05,,,
1.0,468.7,2.8793653794949762e-05,,,
1.0,470.9,2.835210717982489e-05,,,
1.0,473.1,2.790831436816221e-05,,,
1.0,475.3,2.7462290823167972e-05,,,
1.0,477.5,2.7014080065530096e-05,,,
1.0,479.70000000000005,2.6563718634841315e-05,,,
1.0,481.9,2.6111236764562953e-05,,,
1.0,484.1,2.5656690651201726e-05,,,
1.0,486.3,2.5200098728410243e-05,,,
1.0,488.5,2.4741536836605787e-05,,,
1.0,490.70000000000005,2.4281014279913383e-05,,,
1.0,492.9,2.381865774982927e-05,,,
1.0,495.1,2.3354411576857147e-05,,,
1.0,497.3,2.2888398212885872e-05,,,
1.0,499.5,2.2420680031290992e-05,,,
1.0,501.70000000000005,2.1951378009383815e-05,,,
1.0,503.9,2.148055886228831e-05,,,
1.0,506.1,2.1008351124938084e-05,,,
1.0,508.3,2.053488988207319e-05,,,
1.0,510.5,2.0060264884063225e-05,,,
1.0,512.7,1.958463317721719e-05,,,
1.0,514.9,1.910827368290441e-05,,,
1.0,517.1,1.8631372442702728e-05,,,
1.0,519.3,1.8154081676943765e-05,,,
1.0,521.5,1.767668233785935e-05,,,
1.0,523.7,1.7199531145712508e-05,,,
1.0,525.9,1.6722850905354966e-05,,,
1.0,528.1,1.62470503219203e-05,,,
1.0,530.3,1.577251322812329e-05,,,
1.0,532.5,1.5299547627334163e-05,,,
1.0,534.7,1.4828701418306281e-05,,,
1.0,536.9,1.4360341949343093e-05,,,
1.0,539.1,1.3895022879795767e-05,,,
1.0,541.3,1.3433220693764392e-05,,,
1.0,543.5,1.2975437852172185e-05,,,
1.0,545.7,1.2522252531847326e-05,,,
1.0,547.9,1.2074263148764697e-05,,,
1.0,550.1,1.1631980838098357e-05,,,
1.0,552.3,1.1195981972941593e-05,,,
1.0,554.5,1.0766799966637556e-05,,,
1.0,556.7,1.0345075515364766e-05,,,
1.0,558.9,9.9313449807564e-06,,,
1.05,341.1,5.163189261724868e-05,,,
1.05,343.3,5.133824651978672e-05,,,
1.05,345.5,5.104337270440964e-05,,,
1.05,347.70000000000005,5.0747076614089375e-05,,,
1.05,349.90000000000003,5.044917244709689e-05,,,
1.05,352.1,5.014965906035628e-05,,,
1.05,354.3,4.9848319164784995e-05,,,
1.05,356.5,4.954507512922052e-05,,,
1.05,358.70000000000005,4.9239811643234576e-05,,,
1.05,360.90000000000003,4.893242004857571e-05,,,
1.05,363.1,4.862279822896454e-05,,,
1.05,365.3,4.831089168826464e-05,,,
1.05,367.5,4.7996528144574806e-05,,,
1.05,369.70000000000005,4.767974652130261e-05,,,
1.05,371.90000000000003,4.736038712752186e-05,,,
1.05,374.1,4.703841782558222e-05,,,
1.05,376.3,4.671373256125183e-05,,,
1.05,378.5,4.6386347782991926e-05,,,
1.05,380.70000000000005,4.605612988818981e-05,,,
1.05,382.90000000000003,4.572306648580395e-05,,,
1.05,385.1,4.538714825659919e-05,,,
1.05,387.3,4.5048222944731286e-05,,,
1.05,389.5,4.470636454681474e-05,,,
1.05,391.70000000000005,4.436150378038746e-05,,,
1.05,393.90000000000003,4.4013612595391345e-05,,,
1.05,396.1,4.3662667071137656e-05,,,
1.05,398.3,4.330864725162044e-05,,,
1.05,400.5,4.295153698329894e-05,,,
1.05,402.70000000000005,4.2591356848331916e-05,,,
1.05,404.90000000000003,4.222803115586504e-05,,,
1.05,407.1,4.18616199191901e-05,,,
1.05,409.3,4.149205587578824e-05,,,
1.05,411.5,4.111946568966912e-05,,,
1.05,413.70000000000005,4.074369495309991e-05,,,
1.05,415.90000000000003,4.036490379892957e-05,,,
1.05,418.1,3.998294790447228e-05,,,
1.05,420.3,3.9597987709395284e-05,,,
1.05,422.5,3.9210003649973585e-05,,,
1.05,424.70000000000005,3.881892342170589e-05,,,
1.05,426.9,3.84249057422471e-05,,,
1.05,429.1,3.802788223857901e-05,,,
1.05,431.3,3.76279537796736e-05,,,
1.05,433.5,3.722511130868029e-05,,,
1.05,435.70000000000005,3.681934909331923e-05,,,
1.05,437.9,3.641076705885424e-05,,,
1.05,440.1,3.599941076774357e-05,,,
1.05,442.3,3.5585275424669114e-05,,,
1.05,444.5,3.516845649503113e-05,,,
1.05,446.70000000000005,3.474894952922613e-05,,,
1.05,448.9,3.432679952508874e-05,,,
1.05,451.1,3.390209658600544e-05,,,
1.05,453.3,3.3474881142071395e-05,,,
1.05,455.5,3.3045192448703864e-05,,,
1.05,457.7,3.261306885265197e-05,,,
1.05,459.9,3.21785901628328e-05,,,
1.05,462.1,3.174183195606321e-05,,,
1.05,464.3,3.130278277535446e-05,,,
1.05,466.5,3.086159566618159e-05,,,
1.05,468.7,3.0418253968033136e-05,,,
1.05,470.9,2.9972821385048126e-05,,,
1.05,473.1,2.9525434986004494e-05,,,
1.05,475.3,2.9076071324716167e-05,,,
1.05,477.5,2.8624895299729433e-05,,,
1.05,479.70000000000005,2.8171841447714246e-05,,,
1.05,481.9,2.771706527329025e-05,,,
1.05,484.1,2.726064189270811e-05,,,
1.05,486.3,2.6802642398930822e-05,,,
1.05,488.5,2.6343134463454895e-05,,,
1.05,490.70000000000005,2.588218297874667e-05,,,
1.05,492.9,2.5419850741492402e-05,,,
1.05,495.1,2.495626470092509e-05,,,
1.05,497.3,2.449154746343721e-05,,,
1.05,499.5,2.4025691132368337e-05,,,
1.05,501.70000000000005,2.3558881325896862e-05,,,
1.05,503.9,2.3091237377083223e-05,,,
1.05,506.1,2.2622817918763793e-05,,,
1.05,508.3,2.215380757227742e-05,,,
1.05,510.5,2.168427156710371e-05,,,
1.05,512.7,2.1214400976860924e-05,,,
1.05,514.9,2.0744390445747877e-05,,,
1.05,517.1,2.027432370602044e-05,,,
1.05,519.3,1.9804410943023163e-05,,,
1.05,521.5,1.9334870735260426e-05,,,
1.05,523.7,1.8865931485098313e-05,,,
1.05,525.9,1.8397776874005874e-05,,,
1.05,528.1,1.793060485695455e-05,,,
1.05,530.3,1.7464795464705604e-05,,,
1.05,532.5,1.7000575073005064e-05,,,
1.05,534.7,1.6538187133455196e-05,,,
1.05,536.9,1.6078002014003684e-05,,,
1.05,539.1,1.5620296715648182e-05,,,
1.05,541.3,1.516547446998862e-05,,,
1.05,543.5,1.4713846086008849e-05,,,
1.05,545.7,1.4265793097557051e-05,,,
1.05,547.9,1.382171220374511e-05,,,
1.05,550.1,1.3381960804913545e-05,,,
1.05,552.3,1.2947015897879657e-05,,,
1.05,554.5,1.2517205783405223e-05,,,
1.05,556.7,1.2092974527435405e-05,,,
1.05,558.9,1.1674772501656942e-05,,,
1.5,542.2,2.96361728130633e-05,,,
1.5,542.8222222222223,2.9491191000001452e-05,,,
1.5,543.4444444444445,2.9346325826974257e-05,,,
1.5,544.0666666666667,2.9201634297236866e-05,,,
1.5,544.688888888889,2.905706439364969e-05,,,
1.5,545.3111111111111,2.8912726549701933e-05,,,
1.5,545.9333333333334,2.876851489717239e-05,,,
1.5,546.5555555555555,2.8624485608311323e-05,,,
1.5,547.1777777777778,2.8480640788508303e-05,,,
1.5,547.8000000000001,2.8336982554108202e-05,,,
1.5,548.4222222222222,2.8193513032195606e-05,,,
1.5,549.0444444444445,2.8050234360369626e-05,,,
1.5,549.6666666666667,2.7907148686510118e-05,,,
1.5,550.2888888888889,2.7764258168551692e-05,,,
1.5,550.9111111111112,2.762156497425395e-05,,,
1.5,551.5333333333334,2.7479071280967473e-05,,,
1.5,552.1555555555556,2.733677927540608e-05,,,
1.5,552.7777777777778,2.7194742614222202e-05,,,
1.5,553.4,2.7052860382943237e-05,,,
1.5,554.0222222222222,2.6911237520111713e-05,,,
1.5,554.6444444444445,2.676982478832131e-05,,,
1.5,555.2666666666667,2.6628624419123774e-05,,,
1.5,555.8888888888889,2.6487638652034952e-05,,,
1.5,556.5111111111112,2.634692001780038e-05,,,
1.5,557.1333333333333,2.6206420098845196e-05,,,
1.5,557.7555555555556,2.6066141158606987e-05,,,
1.5,558.3777777777779,2.5926135169605467e-05,,,
1.5,559.0,2.5786403830778672e-05,,,
1.5,559.6222222222223,2.5646850216196544e-05,,,
1.5,560.2444444444444,2.550757544492925e-05,,,
1.5,560.8666666666667,2.5368532306518493e-05,,,
1.5,561.4888888888889,2.522977184925662e-05,,,
1.5,562.1111111111111,2.5091295812905093e-05,,,
1.5,562.7333333333333,2.4953057581630785e-05,,,
1.5,563.3555555555556,2.4815107653706813e-05,,,
1.5,563.9777777777778,2.4677399805259365e-05,,,
1.5,564.6,2.4539984168677845e-05,,,
1.5,565.2222222222223,2.440286251970566e-05,,,
1.5,565.8444444444444,2.4265989217344322e-05,,,
1.5,566.4666666666667,2.412941384783639e-05,,,
1.5,567.0888888888888,2.3993138205636157e-05,,,
1.5,567.7111111111111,2.385711722565564e-05,,,
1.5,568.3333333333334,2.372144663094555e-05,,,
1.5,568.9555555555555,2.358603468627366e-05,,,
1.5,569.5777777777778,2.3450930073515268e-05,,,
1.5,570.2,2.3316134613942756e-05,,,
1.5,570.8222222222222,2.3181650133668635e-05,,,
1.5,571.4444444444445,2.3047478463369793e-05,,,
1.5,572.0666666666667,2.2913621438015077e-05,,,
1.5,572.6888888888889,2.278003549662414e-05,,,
1.5,573.3111111111111,2.26468134627784e-05,,,
1.5,573.9333333333333,2.25139116012289e-05,,,
1.5,574.5555555555555,2.238133176129056e-05,,,
1.5,575.1777777777778,2.224907579517561e-05,,,
1.5,575.8,2.2117145557707904e-05,,,
1.5,576.4222222222222,2.1985542906044316e-05,,,
1.5,577.0444444444445,2.1854313842418133e-05,,,
1.5,577.6666666666666,2.1723371764063292e-05,,,
1.5,578.2888888888889,2.159280664277431e-05,,,
1.5,578.9111111111112,2.1462576200577403e-05,,,
1.5,579.5333333333333,2.1332725738644218e-05,,,
1.5,580.1555555555556,2.120321333675031e-05,,,
1.5,580.7777777777778,2.107404086314479e-05,,,
1.5,581.4,2.0945210186171213e-05,,,
1.5,582.0222222222222,2.0816808643688694e-05,,,
1.5,582.6444444444444,2.068870937670131e-05,,,
1.5,583.2666666666667,2.056095716264485e-05,,,
1.5,583.8888888888889,2.043363829720611e-05,,,
1.5,584.5111111111111,2.0306669526867604e-05,,,
1.5,585.1333333333333,2.018005271819713e-05,,,
1.5,585.7555555555556,2.0053831433669938e-05,,,
1.5,586.3777777777777,1.9927965495258857e-05,,,
1.5,587.0,1.9802498119741175e-05,,,
1.5,587.6222222222223,1.9677430654112494e-05,,,
1.5,588.2444444444444,1.9552723429705177e-05,,,
1.5,588.8666666666667,1.94284191464348e-05,,,
1.5,589.4888888888888,1.9304519147473498e-05,,,
1.5,590.1111111111111,1.9180984266999226e-05,,,
1.5,590.7333333333333,1.9057856689205815e-05,,,
1.5,591.3555555555555,1.893513775072603e-05,,,
1.5,591.9777777777778,1.8812828785829715e-05,,,
1.5,592.6,1.869093112612072e-05,,,
1.5,593.2222222222222,1.8569406430434993e-05,,,
1.5,593.8444444444444,1.8448296026583753e-05,,,
1.5,594.4666666666667,1.8327640572567797e-05,,,
1.5,595.0888888888888,1.8207362544625733e-05,,,
1.5,595.7111111111111,1.8087502758671068e-05,,,
1.5,596.3333333333333,1.7968062522750782e-05,,,
1.5,596.9555555555555,1.78490431401299e-05,,,
1.5,597.5777777777778,1.7730445909006823e-05,,,
1.5,598.1999999999999,1.7612272122214126e-05,,,
1.5,598.8222222222222,1.7494561253421718e-05,,,
1.5,599.4444444444445,1.7377238047912155e-05,,,
1.5,600.0666666666666,1.7260342130455864e-05,,,
1.5,600.6888888888889,1.714391246829812e-05,,,
1.5,601.3111111111111,1.7027912300563058e-05,,,
1.5,601.9333333333333,1.6912305507294342e-05,,,
1.5,602.5555555555555,1.6797168248775946e-05,,,
1.5,603.1777777777777,1.6682501282058113e-05,,,
1.5,603.8,1.656823157206238e-05,,,
1.55,542.2,3.140721094284051e-05,,,
1.55,542.8222222222223,3.125900968778386e-05,,,
1.55,543.4444444444445,3.1110969693127334e-05,,,
1.55,544.0666666666667,3.096303450543496e-05,,,
1.55,544.688888888889,3.0815265220232436e-05,,,
1.55,545.3111111111111,3.0667663929014044e-05,,,
1.55,545.9333333333334,3.0520174802558346e-05,,,
1.55,546.5555555555555,3.0372858315967267e-05,,,
1.55,547.1777777777778,3.0225716591218712e-05,,,
1.55,547.8000000000001,3.0078751760512957e-05,,,
1.55,548.4222222222222,2.993190889280372e-05,,,
1.55,549.0444444444445,2.978530449989615e-05,,,
1.55,549.6666666666667,2.9638826809307864e-05,,,
1.55,550.2888888888889,2.9492591498319676e-05,,,
1.55,550.9111111111112,2.9346487664373445e-05,,,
1.55,551.5333333333334,2.9200574141962507e-05,,,
1.55,552.1555555555556,2.9054853127265216e-05,,,
1.55,552.7777777777778,2.8909326824907673e-05,,,
1.55,553.4,2.8764052827670123e-05,,,
1.55,554.0222222222222,2.8618922387071673e-05,,,
1.55,554.6444444444445,2.847399332165166e-05,,,
1.55,555.2666666666667,2.8329322620563795e-05,,,
1.55,555.8888888888889,2.818480281338354e-05,,,
1.55,556.5111111111112,2.8040545449565227e-05,,,
1.55,557.1333333333333,2.789649803509937e-05,,,
1.55,557.7555555555556,2.7752662835512302e-05,,,
1.55,558.3777777777779,2.7609095840504833e-05,,,
1.55,559.0,2.7465691687045444e-05,,,
1.55,559.6222222222223,2.732255989006937e-05,,,
1.55,560.2444444444444,2.717964902299359e-05,,,
1.55,560.8666666666667,2.703701428075765e-05,,,
1.55,561.4888888888889,2.6894604659574377e-05,,,
1.55,562.1111111111111,2.6752422467657226e-05,,,
1.55,562.7333333333333,2.6610470018017895e-05,,,
1.55,563.3555555555556,2.646880171481883e-05,,,
1.55,563.9777777777778,2.632741927469228e-05,,,
1.55,564.6,2.6186272737403977e-05,,,
1.55,565.2222222222223,2.6045364435332117e-05,,,
1.55,565.8444444444444,2.5904747987210366e-05,,,
1.55,566.4666666666667,2.5764374049935437e-05,,,
1.55,567.0888888888888,2.562429585088579e-05,,,
1.55,567.7111111111111,2.5484515140118058e-05,,,
1.55,568.3333333333334,2.5344983186550793e-05,,,
1.55,568.9555555555555,2.5205752633072764e-05,,,
1.55,569.5777777777778,2.5066775152508204e-05,,,
1.55,570.2,2.492810299874395e-05,,,
1.55,570.8222222222222,2.4789737943538954e-05,,,
1.55,571.4444444444445,2.465168176283078e-05,,,
1.55,572.0666666666667,2.4513886929932717e-05,,,
1.55,572.6888888888889,2.437640492484312e-05,,,
1.55,573.3111111111111,2.4239237533007016e-05,,,
1.55,573.9333333333333,2.4102386543010095e-05,,,
1.55,574.5555555555555,2.3965805217056113e-05,,,
1.55,575.1777777777778,2.38295442647602e-05,,,
1.55,575.8,2.3693653624497898e-05,,,
1.55,576.4222222222222,2.3558038614457467e-05,,,
1.55,577.0444444444445,2.3422749369658117e-05,,,
1.55,577.6666666666666,2.328778769066657e-05,,,
1.55,578.2888888888889,2.3153155379365966e-05,,,
1.55,578.9111111111112,2.3018901425593842e-05,,,
1.55,579.5333333333333,2.288488607242681e-05,,,
1.55,580.1555555555556,2.2751299492272033e-05,,,
1.55,580.7777777777778,2.261800249887572e-05,,,
1.55,581.4,2.2485043893756423e-05,,,
1.55,582.0222222222222,2.2352471723027057e-05,,,
1.55,582.6444444444444,2.22202411734452e-05,,,
1.55,583.2666666666667,2.208835404940161e-05,,,
1.55,583.8888888888889,2.195681215426957e-05,,,
1.55,584.5111111111111,2.1825617290144112e-05,,,
1.55,585.1333333333333,2.1694771257585174e-05,,,
1.55,585.7555555555556,2.1564320977744403e-05,,,
1.55,586.3777777777777,2.143422275481886e-05,,,
1.55,587.0,2.130452313727931e-05,,,
1.55,587.6222222222223,2.117513422829923e-05,,,
1.55,588.2444444444444,2.104614714046892e-05,,,
1.55,588.8666666666667,2.091756311098315e-05,,,
1.55,589.4888888888888,2.0789339357407783e-05,,,
1.55,590.1111111111111,2.0661477662324022e-05,,,
1.55,590.7333333333333,2.0534023458841244e-05,,,
1.55,591.3555555555555,2.0406934503922366e-05,,,
1.55,591.9777777777778,2.0280255860599e-05,,,
1.55,592.6,2.0153945642425183e-05,,,
1.55,593.2222222222222,2.002804854298752e-05,,,
1.55,593.8444444444444,1.990252302970427e-05,,,
1.55,594.4666666666667,1.977741342732061e-05,,,
1.55,595.0888888888888,1.9652678554429423e-05,,,
1.55,595.7111111111111,1.9528404580838588e-05,,,
1.55,596.3333333333333,1.940450810372547e-05,,,
1.55,596.9555555555555,1.9280990855944754e-05,,,
1.55,597.5777777777778,1.9157937923117752e-05,,,
1.55,598.1999999999999,1.9035225454020585e-05,,,
1.55,598.8222222222222,1.8912979670916016e-05,,,
1.55,599.4444444444445,1.879111892245048e-05,,,
1.55,600.0666666666666,1.8669726856431956e-05,,,
1.55,600.6888888888889,1.8548722515658196e-05,,,
1.55,601.3111111111111,1.8428107586553507e-05,,,
1.55,601.9333333333333,1.8307964643889493e-05,,,
1.55,602.5555555555555,1.8188254036791412e-05,,,
1.55,603.1777777777777,1.8068936805806076e-05,,,
1.55,603.8,1.795005453196901e-05,,,
1.6,594.7,2.1219282783935884e-05,,,
1.6,594.7666666666668,2.1205426192128414e-05,,,
1.6,594.8333333333334,2.1191618742857976e-05,,,
1.6,594.9000000000001,2.1177768578785902e-05,,,
1.6,594.9666666666667,2.1163921650317118e-05,,,
1.6,595.0333333333334,2.115012382552756e-05,,,
1.6,595.1,2.1136283358229915e-05,,,
1.6,595.1666666666667,2.1122446137066206e-05,,,
1.6,595.2333333333333,2.1108657968365778e-05,,,
1.6,595.3000000000001,2.1094827229427453e-05,,,
1.6,595.3666666666667,2.1081045508831397e-05,,,
1.6,595.4333333333334,2.1067221266125715e-05,,,
1.6,595.5,2.1053400287079145e-05,,,
1.6,595.5666666666667,2.1039628275187202e-05,,,
1.6,595.6333333333333,2.1025859492890995e-05,,,
1.6,595.7,2.1012048284690053e-05,,,
1.6,595.7666666666667,2.0998285992534116e-05,,,
1.6,595.8333333333334,2.0984526940481098e-05,,,
1.6,595.9,2.0970725534606306e-05,,,
1.6,595.9666666666667,2.095697299369159e-05,,,
1.6,596.0333333333334,2.0943223703375203e-05,,,
1.6,596.1,2.092943213129188e-05,,,
1.6,596.1666666666667,2.0915689373089133e-05,,,
1.6,596.2333333333333,2.09019498759697e-05,,,
1.6,596.3000000000001,2.088821364340862e-05,,,
1.6,596.3666666666667,2.0874480678898066e-05,,,
1.6,596.4333333333334,2.0860705552584093e-05,,,
1.6,596.5,2.0846979155100638e-05,,,
1.6,596.5666666666667,2.0833256036151965e-05,,,
1.6,596.6333333333333,2.0819536199207707e-05,,,
1.6,596.7,2.0805819647753856e-05,,,
1.6,596.7666666666667,2.0792106385274674e-05,,,
1.6,596.8333333333334,2.0778396415253257e-05,,,
1.6,596.9,2.0764735031242455e-05,,,
1.6,596.9666666666667,2.0750986366529124e-05,,,
1.6,597.0333333333333,2.073733154390352e-05,,,
1.6,597.1,2.0723634758083726e-05,,,
1.6,597.1666666666666,2.0709941282104803e-05,,,
1.6,597.2333333333333,2.0696251119459377e-05,,,
1.6,597.3,2.068256427362385e-05,,,
1.6,597.3666666666667,2.0668925895056405e-05,,,
1.6,597.4333333333334,2.065524567282513e-05,,,
1.6,597.5,2.0641568777802734e-05,,,
1.6,597.5666666666667,2.0627940299230007e-05,,,
1.6,597.6333333333333,2.0614270048643823e-05,,,
1.6,597.7,2.0600648180647078e-05,,,
1.6,597.7666666666667,2.058698458835361e-05,,,
1.6,597.8333333333334,2.0573369344809922e-05,,,
1.6,597.9,2.0559712424674383e-05,,,
1.6,597.9666666666667,2.0546103819450205e-05,,,
1.6,598.0333333333333,2.0532453585327985e-05,,,
1.6,598.1,2.0518851632279883e-05,,,
1.6,598.1666666666666,2.0505253000367795e-05,,,
1.6,598.2333333333333,2.049161281100682e-05,,,
1.6,598.3,2.0478020852020915e-05,,,
1.6,598.3666666666667,2.046438738326619e-05,,,
1.6,598.4333333333333,2.0450802111054445e-05,,,
1.6,598.5,2.043722017727202e-05,,,
1.6,598.5666666666666,2.0423641585357657e-05,,,
1.6,598.6333333333333,2.041006633876523e-05,,,
1.6,598.7,2.0396449701337393e-05,,,
1.6,598.7666666666667,2.0382881176036966e-05,,,
1.6,598.8333333333334,2.0369316006429805e-05,,,
1.6,598.9,2.035575419594534e-05,,,
1.6,598.9666666666667,2.0342195748032034e-05,,,
1.6,599.0333333333333,2.032864066613621e-05,,,
1.6,599.1,2.0315088953701838e-05,,,
1.6,599.1666666666666,2.0301540614173793e-05,,,
1.6,599.2333333333333,2.0287995650993737e-05,,,
1.6,599.3,2.0274454067602768e-05,,,
1.6,599.3666666666667,2.0260915867440125e-05,,,
1.6,599.4333333333333,2.0247425570245254e-05,,,
1.6,599.5,2.0233894126578276e-05,,,
1.6,599.5666666666666,2.022036607643456e-05,,,
1.6,599.6333333333333,2.0206841423266385e-05,,,
1.6,599.6999999999999,2.0193320170504984e-05,,,
1.6,599.7666666666667,2.0179846736551494e-05,,,
1.6,599.8333333333333,2.016633227463296e-05,,,
1.6,599.9,2.0152865597906414e-05,,,
1.6,599.9666666666667,2.013935794053449e-05,,,
1.6,600.0333333333333,2.0125853700699903e-05,,,
1.6,600.1,2.0112397195625352e-05,,,
1.6,600.1666666666666,2.0098899780914957e-05,,,
1.6,600.2333333333333,2.008545006735105e-05,,,
1.6,600.3,2.0071959491441596e-05,,,
1.6,600.3666666666667,2.005851658308393e-05,,,
1.6,600.4333333333333,2.0045032859658498e-05,,,
1.6,600.5,2.0031596770190517e-05,,,
1.6,600.5666666666666,2.0018164085231697e-05,,,
1.6,600.6333333333333,2.000469065603296e-05,,,
1.6,600.6999999999999,1.9991264810453393e-05,,,
1.6,600.7666666666667,1.9977842379633667e-05,,,
1.6,600.8333333333333,1.9964423366968836e-05,,,
1.6,600.9,1.995096370444773e-05,,,
1.6,600.9666666666666,1.9937551558467738e-05,,,
1.6,601.0333333333333,1.9924142840892995e-05,,,
1.6,601.0999999999999,1.9910737555116117e-05,,,
1.6,601.1666666666666,1.9897335704544288e-05,,,
1.6,601.2333333333332,1.988393729258231e-05,,,
1.6,601.3,1.9870542322635243e-05,,,
1.8,392.5,7.475794353685076e-05,,,
1.8,394.1666666666667,7.449214238012384e-05,,,
1.8,395.8333333333333,7.422367313931372e-05,,,
1.8,397.5,7.395263364916709e-05,,,
1.8,399.1666666666667,7.367891043591605e-05,,,
1.8,400.8333333333333,7.340239341827902e-05,,,
1.8,402.5,7.312318553099006e-05,,,
1.8,404.1666666666667,7.284125047593595e-05,,,
1.8,405.8333333333333,7.255641552146048e-05,,,
1.8,407.5,7.226885730315257e-05,,,
1.8,409.1666666666667,7.197840802424744e-05,,,
1.8,410.8333333333333,7.168510905267276e-05,,,
1.8,412.5,7.138893469900526e-05,,,
1.8,414.1666666666667,7.108992914898908e-05,,,
1.8,415.8333333333333,7.078793476105702e-05,,,
1.8,417.5,7.048306724049987e-05,,,
1.8,419.1666666666667,7.017530794844075e-05,,,
1.8,420.8333333333333,6.986457351532397e-05,,,
1.8,422.5,6.955091634705283e-05,,,
1.8,424.1666666666667,6.923432346226111e-05,,,
1.8,425.8333333333333,6.891484943233649e-05,,,
1.8,427.5,6.859241858045317e-05,,,
1.8,429.1666666666667,6.826702335226695e-05,,,
1.8,430.8333333333333,6.793872274013987e-05,,,
1.8,432.5,6.760757621709688e-05,,,
1.8,434.1666666666667,6.727345125610051e-05,,,
1.8,435.8333333333333,6.693641105329387e-05,,,
1.8,437.5,6.659651920641744e-05,,,
1.8,439.1666666666667,6.62537133089234e-05,,,
1.8,440.8333333333333,6.59081224648618e-05,,,
1.8,442.5,6.555962465070303e-05,,,
1.8,444.1666666666667,6.520828867422399e-05,,,
1.8,445.8333333333333,6.485424550131214e-05,,,
1.8,447.5,6.449731726541162e-05,,,
1.8,449.1666666666667,6.413769893258765e-05,,,
1.8,450.8333333333333,6.377533946978832e-05,,,
1.8,452.5,6.341025123983292e-05,,,
1.8,454.1666666666667,6.304244810623162e-05,,,
1.8,455.8333333333333,6.267206518853727e-05,,,
1.8,457.5,6.229899819426832e-05,,,
1.8,459.1666666666667,6.19233838204176e-05,,,
1.8,460.83333333333337,6.154518088953177e-05,,,
1.8,462.5,6.116446806672499e-05,,,
1.8,464.1666666666667,6.0781265881416005e-05,,,
1.8,465.83333333333337,6.039559626242169e-05,,,
1.8,467.5,6.000754002586171e-05,,,
1.8,469.1666666666667,5.9617120829228095e-05,,,
1.8,470.83333333333337,5.922436368774873e-05,,,
1.8,472.5,5.882929496244404e-05,,,
1.8,474.1666666666667,5.843199846365239e-05,,,
1.8,475.83333333333337,5.803250216286584e-05,,,
1.8,477.5,5.763083533561921e-05,,,
1.8,479.1666666666667,5.722708361789935e-05,,,
1.8,480.83333333333337,5.682127780438876e-05,,,
1.8,482.5,5.641344995131014e-05,,,
1.8,484.1666666666667,5.6003633363264774e-05,,,
1.8,485.83333333333337,5.559191624343167e-05,,,
1.8,487.5,5.517838660477984e-05,,,
1.8,489.1666666666667,5.476302633532513e-05,,,
1.8,490.83333333333337,5.434592513862773e-05,,,
1.8,492.5,5.3927172427601616e-05,,,
1.8,494.1666666666667,5.350670177453867e-05,,,
1.8,495.83333333333337,5.308470833632551e-05,,,
1.8,497.5,5.266117942407904e-05,,,
1.8,499.1666666666667,5.2236206535020205e-05,,,
1.8,500.83333333333337,5.1809830360167485e-05,,,
1.8,502.5,5.138204254553158e-05,,,
1.8,504.1666666666667,5.0953086022011344e-05,,,
1.8,505.83333333333337,5.052285322418498e-05,,,
1.8,507.5,5.0091487121777755e-05,,,
1.8,509.1666666666667,4.965903144937904e-05,,,
1.8,510.83333333333337,4.922553092233257e-05,,,
1.8,512.5,4.879107919543948e-05,,,
1.8,514.1666666666666,4.8355769438653044e-05,,,
1.8,515.8333333333334,4.7919599788829876e-05,,,
1.8,517.5,4.748266452720542e-05,,,
1.8,519.1666666666666,4.7045057390415616e-05,,,
1.8,520.8333333333334,4.6606825355849706e-05,,,
1.8,522.5,4.61680620802087e-05,,,
1.8,524.1666666666667,4.572876965000951e-05,,,
1.8,525.8333333333334,4.528908775399652e-05,,,
1.8,527.5,4.484906446883976e-05,,,
1.8,529.1666666666667,4.4408704210086985e-05,,,
1.8,530.8333333333334,4.396818979095862e-05,,,
1.8,532.5,4.3527569356938066e-05,,,
1.8,534.1666666666667,4.3086805037490873e-05,,,
1.8,535.8333333333334,4.264607745424414e-05,,,
1.8,537.5,4.220539304296684e-05,,,
1.8,539.1666666666667,4.176492944438241e-05,,,
1.8,540.8333333333334,4.1324609018832536e-05,,,
1.8,542.5,4.0884608461112045e-05,,,
1.8,544.1666666666667,4.0444935841812756e-05,,,
1.8,545.8333333333334,4.000576471224984e-05,,,
1.8,547.5,3.956702159797829e-05,,,
1.8,549.1666666666667,3.912883893522916e-05,,,
1.8,550.8333333333334,3.86913465243366e-05,,,
1.8,552.5,3.8254592923360214e-05,,,
1.8,554.1666666666667,3.7818548809603674e-05,,,
1.8,555.8333333333334,3.738342080681075e-05,,,
1.8,557.5,3.694917963739932e-05,,,
1.9000000000000001,337.0,8.702544813554541e-05,,,
1.9000000000000001,339.8888888888889,8.665400710611287e-05,,,
1.9000000000000001,342.77777777777777,8.628286774715191e-05,,,
1.9000000000000001,345.6666666666667,8.591132232948362e-05,,,
1.9000000000000001,348.55555555555554,8.553872206180503e-05,,,
1.9000000000000001,351.44444444444446,8.51646011909754e-05,,,
1.9000000000000001,354.3333333333333,8.478822302520353e-05,,,
1.9000000000000001,357.22222222222223,8.440911848485391e-05,,,
1.9000000000000001,360.1111111111111,8.40267561008766e-05,,,
1.9000000000000001,363.0,8.36405446895277e-05,,,
1.9000000000000001,365.8888888888889,8.325011770841046e-05,,,
1.9000000000000001,368.77777777777777,8.285488824962456e-05,,,
1.9000000000000001,371.6666666666667,8.245445390057657e-05,,,
1.9000000000000001,374.55555555555554,8.204835511554074e-05,,,
1.9000000000000001,377.44444444444446,8.163631404906945e-05,,,
1.9000000000000001,380.3333333333333,8.121783812021149e-05,,,
1.9000000000000001,383.22222222222223,8.07926164327212e-05,,,
1.9000000000000001,386.1111111111111,8.036036020017311e-05,,,
1.9000000000000001,389.0,7.992064812697991e-05,,,
1.9000000000000001,391.8888888888889,7.94733909457924e-05,,,
1.9000000000000001,394.77777777777777,7.901813555651788e-05,,,
1.9000000000000001,397.6666666666667,7.855483423871911e-05,,,
1.9000000000000001,400.55555555555554,7.80831544109453e-05,,,
1.9000000000000001,403.44444444444446,7.760293684264744e-05,,,
1.9000000000000001,406.3333333333333,7.711404164244289e-05,,,
1.9000000000000001,409.22222222222223,7.661634772168203e-05,,,
1.9000000000000001,412.1111111111111,7.610960525183147e-05,,,
1.9000000000000001,415.0,7.559387807456683e-05,,,
1.9000000000000001,417.8888888888889,7.506895326187599e-05,,,
1.9000000000000001,420.77777777777777,7.453485459178632e-05,,,
1.9000000000000001,423.6666666666667,7.399147701098723e-05,,,
1.9000000000000001,426.55555555555554,7.343880419415404e-05,,,
1.9000000000000001,429.44444444444446,7.287683505574725e-05,,,
1.9000000000000001,432.3333333333333,7.230551334546532e-05,,,
1.9000000000000001,435.22222222222223,7.172500753958833e-05,,,
1.9000000000000001,438.1111111111111,7.113515139029531e-05,,,
1.9000000000000001,441.0,7.05362086990094e-05,,,
1.9000000000000001,443.8888888888889,6.992811099088862e-05,,,
1.9000000000000001,446.77777777777777,6.931100872386526e-05,,,
1.9000000000000001,449.6666666666667,6.868492930388376e-05,,,
1.9000000000000001,452.55555555555554,6.805004680736042e-05,,,
1.9000000000000001,455.44444444444446,6.7406479418605e-05,,,
1.9000000000000001,458.3333333333333,6.675435693689056e-05,,,
1.9000000000000001,461.22222222222223,6.609382050739844e-05,,,
1.9000000000000001,464.1111111111111,6.542508616818824e-05,,,
1.9000000000000001,467.0,6.47482520070503e-05,,,
1.9000000000000001,469.8888888888889,6.40635542988033e-05,,,
1.9000000000000001,472.77777777777777,6.337117525736228e-05,,,
1.9000000000000001,475.66666666666663,6.267136847721357e-05,,,
1.9000000000000001,478.55555555555554,6.196433461945852e-05,,,
1.9000000000000001,481.44444444444446,6.125034370165733e-05,,,
1.9000000000000001,484.33333333333337,6.052955360755674e-05,,,
1.9000000000000001,487.22222222222223,5.980231078265601e-05,,,
1.9000000000000001,490.1111111111111,5.9068790482238244e-05,,,
1.9000000000000001,493.0,5.8329410105134866e-05,,,
1.9000000000000001,495.8888888888889,5.758435939273653e-05,,,
1.9000000000000001,498.77777777777777,5.683389515541782e-05,,,
1.9000000000000001,501.66666666666663,5.607839390687468e-05,,,
1.9000000000000001,504.55555555555554,5.5318179128039226e-05,,,
1.9000000000000001,507.44444444444446,5.45535249355723e-05,,,
1.9000000000000001,510.33333333333337,5.378471194818669e-05,,,
1.9000000000000001,513.2222222222222,5.301213434225741e-05,,,
1.9000000000000001,516.1111111111111,5.223613484915223e-05,,,
1.9000000000000001,519.0,5.145705970357628e-05,,,
1.9000000000000001,521.8888888888889,5.0675258319017806e-05,,,
1.9000000000000001,524.7777777777778,4.9891032127747674e-05,,,
1.9000000000000001,527.6666666666666,4.910478801067618e-05,,,
1.9000000000000001,530.5555555555555,4.831683336319256e-05,,,
1.9000000000000001,533.4444444444445,4.752757779077113e-05,,,
1.9000000000000001,536.3333333333334,4.673738154305244e-05,,,
1.9000000000000001,539.2222222222222,4.594665362510402e-05,,,
1.9000000000000001,542.1111111111111,4.515570724952328e-05,,,
1.9000000000000001,545.0,4.436490493910418e-05,,,
1.9000000000000001,547.8888888888889,4.3574700688077845e-05,,,
1.9000000000000001,550.7777777777778,4.278531762683462e-05,,,
1.9000000000000001,553.6666666666666,4.199734140030224e-05,,,
1.9000000000000001,556.5555555555555,4.121094953231431e-05,,,
1.9000000000000001,559.4444444444445,4.042658732078685e-05,,,
1.9000000000000001,562.3333333333334,3.964469314837846e-05,,,
1.9000000000000001,565.2222222222222,3.8865530475986815e-05,,,
1.9000000000000001,568.1111111111111,3.8089530361912056e-05,,,
1.9000000000000001,571.0,3.7316953243706056e-05,,,
1.9000000000000001,573.8888888888889,3.6548261379519926e-05,,,
1.9000000000000001,576.7777777777778,3.57837481843828e-05,,,
1.9000000000000001,579.6666666666666,3.502378305069567e-05,,,
1.9000000000000001,582.5555555555555,3.426872842829063e-05,,,
1.9000000000000001,585.4444444444445,3.351890193287064e-05,,,
1.9000000000000001,588.3333333333334,3.277454215156396e-05,,,
1.9000000000000001,591.2222222222222,3.203610492403819e-05,,,
1.9000000000000001,594.1111111111111,3.130388758008222e-05,,,
1.9000000000000001,597.0,3.057811103345922e-05,,,
1.9000000000000001,599.8888888888889,2.985906344903832e-05,,,
1.9000000000000001,602.7777777777778,2.9147161614123143e-05,,,
1.9000000000000001,605.6666666666667,2.8442605695167507e-05,,,
1.9000000000000001,608.5555555555555,2.7745658477481264e-05,,,
1.9000000000000001,611.4444444444445,2.7056639068769898e-05,,,
1.9000000000000001,614.3333333333333,2.6375727578832717e-05,,,
1.9000000000000001,617.2222222222222,2.5703224075470026e-05,,,
1.9000000000000001,620.1111111111111,2.5039293749535633e-05,,,
1.9000000000000001,623.0,2.4384216496828954e-05,,,
1.9500000000000002,337.0,8.932210847032679e-05,,,
1.9500000000000002,339.8888888888889,8.895278069329947e-05,,,
1.9500000000000002,342.77777777777777,8.858393581318872e-05,,,
1.9500000000000002,345.6666666666667,8.821484524287513e-05,,,
1.9500000000000002,348.55555555555554,8.784501045999373e-05,,,
1.9500000000000002,351.44444444444446,8.747369354839102e-05,,,
1.9500000000000002,354.3333333333333,8.710034598721475e-05,,,
1.9500000000000002,357.22222222222223,8.672443795075161e-05,,,
1.9500000000000002,360.1111111111111,8.634529186252798e-05,,,
1.9500000000000002,363.0,8.596250352250353e-05,,,
1.9500000000000002,365.8888888888889,8.557548102475703e-05,,,
1.9500000000000002,368.77777777777777,8.518373898538432e-05,,,
1.9500000000000002,371.6666666666667,8.478689708842688e-05,,,
1.9500000000000002,374.55555555555554,8.438443311998848e-05,,,
1.9500000000000002,377.44444444444446,8.397589053189108e-05,,,
1.9500000000000002,380.3333333333333,8.356099904535766e-05,,,
1.9500000000000002,383.22222222222223,8.31393483141143e-05,,,
1.9500000000000002,386.1111111111111,8.27105521782361e-05,,,
1.9500000000000002,389.0,8.227432824368934e-05,,,
1.9500000000000002,391.8888888888889,8.183033689342575e-05,,,
1.9500000000000002,394.77777777777777,8.137841974256086e-05,,,
1.9500000000000002,397.6666666666667,8.091820266733459e-05,,,
1.9500000000000002,400.55555555555554,8.044956997603088e-05,,,
1.9500000000000002,403.44444444444446,7.997219194694213e-05,,,
1.9500000000000002,406.3333333333333,7.948607080886846e-05,,,
1.9500000000000002,409.22222222222223,7.899084130633443e-05,,,
1.9500000000000002,412.1111111111111,7.848654347736955e-05,,,
1.9500000000000002,415.0,7.79730048242648e-05,,,
1.9500000000000002,417.8888888888889,7.745007250961565e-05,,,
1.9500000000000002,420.77777777777777,7.691776233773159e-05,,,
1.9500000000000002,423.6666666666667,7.637588216694469e-05,,,
1.9500000000000002,426.55555555555554,7.582455498087869e-05,,,
1.9500000000000002,429.44444444444446,7.52636225601331e-05,,,
1.9500000000000002,432.3333333333333,7.469316413731746e-05,,,
1.9500000000000002,435.22222222222223,7.411319949663666e-05,,,
1.9500000000000002,438.1111111111111,7.352369110981801e-05,,,
1.9500000000000002,441.0,7.292468864892451e-05,,,
1.9500000000000002,443.8888888888889,7.231632596047471e-05,,,
1.9500000000000002,446.77777777777777,7.169860783013418e-05,,,
1.9500000000000002,449.6666666666667,7.107162356802785e-05,,,
1.9500000000000002,452.55555555555554,7.043554395221628e-05,,,
1.9500000000000002,455.44444444444446,6.97904813483051e-05,,,
1.9500000000000002,458.3333333333333,6.913642438031345e-05,,,
1.9500000000000002,461.22222222222223,6.847371403694083e-05,,,
1.9500000000000002,464.1111111111111,6.780242911491797e-05,,,
1.9500000000000002,467.0,6.71227278436724e-05,,,
1.9500000000000002,469.8888888888889,6.64347792507948e-05,,,
1.9500000000000002,472.77777777777777,6.5738827811169e-05,,,
1.9500000000000002,475.66666666666663,6.503506145876702e-05,,,
1.9500000000000002,478.55555555555554,6.432367863867886e-05,,,
1.9500000000000002,481.44444444444446,6.360495018443895e-05,,,
1.9500000000000002,484.33333333333337,6.287909172725164e-05,,,
1.9500000000000002,487.22222222222223,6.214632817993011e-05,,,
1.9500000000000002,490.1111111111111,6.140695475501393e-05,,,
1.9500000000000002,493.0,6.0661272976337925e-05,,,
1.9500000000000002,495.8888888888889,5.990953037115252e-05,,,
1.9500000000000002,498.77777777777777,5.915198270471779e-05,,,
1.9500000000000002,501.66666666666663,5.8389011237132894e-05,,,
1.9500000000000002,504.55555555555554,5.762082541710046e-05,,,
1.9500000000000002,507.44444444444446,5.684781741631011e-05,,,
1.9500000000000002,510.33333333333337,5.6070267391727145e-05,,,
1.9500000000000002,513.2222222222222,5.5288518658480025e-05,,,
1.9500000000000002,516.1111111111111,5.450291848709099e-05,,,
1.9500000000000002,519.0,5.371376283337849e-05,,,
1.9500000000000002,521.8888888888889,5.2921407834831184e-05,,,
1.9500000000000002,524.7777777777778,5.212626626555979e-05,,,
1.9500000000000002,527.6666666666666,5.1328644930251605e-05,,,
1.9500000000000002,530.5555555555555,5.052890787489538e-05,,,
1.9500000000000002,533.4444444444445,4.9727421090324346e-05,,,
1.9500000000000002,536.3333333333334,4.8924552157998646e-05,,,
1.9500000000000002,539.2222222222222,4.812072030543374e-05,,,
1.9500000000000002,542.1111111111111,4.731619373692777e-05,,,
1.9500000000000002,545.0,4.651144281533647e-05,,,
1.9500000000000002,547.8888888888889,4.570673898573965e-05,,,
1.9500000000000002,550.7777777777778,4.490250209257427e-05,,,
1.9500000000000002,553.6666666666666,4.409919591791063e-05,,,
1.9500000000000002,556.5555555555555,4.3297092016605126e-05,,,
1.9500000000000002,559.4444444444445,4.249655749329965e-05,,,
1.9500000000000002,562.3333333333334,4.169804811317922e-05,,,
1.9500000000000002,565.2222222222222,4.090187864153339e-05,,,
1.9500000000000002,568.1111111111111,4.010845174793302e-05,,,
1.9500000000000002,571.0,3.931803483199331e-05,,,
1.9500000000000002,573.8888888888889,3.8531067658145546e-05,,,
1.9500000000000002,576.7777777777778,3.7747939198796605e-05,,,
1.9500000000000002,579.6666666666666,3.696894916744094e-05,,,
1.9500000000000002,582.5555555555555,3.61944361358145e-05,,,
1.9500000000000002,585.4444444444445,3.542473389650468e-05,,,
1.9500000000000002,588.3333333333334,3.4660249917380285e-05,,,
1.9500000000000002,591.2222222222222,3.3901225954270085e-05,,,
1.9500000000000002,594.1111111111111,3.314805554989479e-05,,,
1.9500000000000002,597.0,3.2401045931314264e-05,,,
1.9500000000000002,599.8888888888889,3.166049775843049e-05,,,
1.9500000000000002,602.7777777777778,3.092663225099473e-05,,,
1.9500000000000002,605.6666666666667,3.0199882199718896e-05,,,
1.9500000000000002,608.5555555555555,2.9480417713519646e-05,,,
1.9500000000000002,611.4444444444445,2.8768546044472757e-05,,,
1.9500000000000002,614.3333333333333,2.8064563749166965e-05,,,
1.9500000000000002,617.2222222222222,2.7368690045935373e-05,,,
1.9500000000000002,620.1111111111111,2.6681170348268295e-05,,,
1.9500000000000002,623.0,2.600230491084154e-05,,,
2.0,337.0,9.164617746989536e-05,,,
2.0,339.8888888888889,9.127905986400938e-05,,,
2.0,342.77777777777777,9.091267347418163e-05,,,
2.0,345.6666666666667,9.054626837518697e-05,,,
2.0,348.55555555555554,9.017928643819515e-05,,,
2.0,351.44444444444446,8.981101070982955e-05,,,
2.0,354.3333333333333,8.944091740309324e-05,,,
2.0,357.22222222222223,8.906828444302055e-05,,,
2.0,360.1111111111111,8.869267047941062e-05,,,
2.0,363.0,8.831343882510643e-05,,,
2.0,365.8888888888889,8.793006153823026e-05,,,
2.0,368.77777777777777,8.754211825205284e-05,,,
2.0,371.6666666666667,8.714904088599324e-05,,,
2.0,374.55555555555554,8.675041267492034e-05,,,
2.0,377.44444444444446,8.634575589530386e-05,,,
2.0,380.3333333333333,8.59347009165624e-05,,,
2.0,383.22222222222223,8.551681808257721e-05,,,
2.0,386.1111111111111,8.509178503604606e-05,,,
2.0,389.0,8.465930226935419e-05,,,
2.0,391.8888888888889,8.421901095673735e-05,,,
2.0,394.77777777777777,8.377065767673448e-05,,,
2.0,397.6666666666667,8.33139298351767e-05,,,
2.0,400.55555555555554,8.284861864543176e-05,,,
2.0,403.44444444444446,8.23745363298915e-05,,,
2.0,406.3333333333333,8.189143583362854e-05,,,
2.0,409.22222222222223,8.139917116688791e-05,,,
2.0,412.1111111111111,8.089761577991471e-05,,,
2.0,415.0,8.038658359342788e-05,,,
2.0,417.8888888888889,7.9866064595239e-05,,,
2.0,420.77777777777777,7.933583227693309e-05,,,
2.0,423.6666666666667,7.87959121427195e-05,,,
2.0,426.55555555555554,7.824626800289369e-05,,,
2.0,429.44444444444446,7.768680386300517e-05,,,
2.0,432.3333333333333,7.711759242660379e-05,,,
2.0,435.22222222222223,7.653856963982909e-05,,,
2.0,438.1111111111111,7.594968826769978e-05,,,
2.0,441.0,7.535113937592296e-05,,,
2.0,443.8888888888889,7.474283009737869e-05,,,
2.0,446.77777777777777,7.412497690648519e-05,,,
2.0,449.6666666666667,7.349751578216386e-05,,,
2.0,452.55555555555554,7.286061526674641e-05,,,
2.0,455.44444444444446,7.221438297183135e-05,,,
2.0,458.3333333333333,7.155893868168175e-05,,,
2.0,461.22222222222223,7.089441404937145e-05,,,
2.0,464.1111111111111,7.02210218553461e-05,,,
2.0,467.0,6.95388459267211e-05,,,
2.0,469.8888888888889,6.884805180386511e-05,,,
2.0,472.77777777777777,6.814888359696655e-05,,,
2.0,475.66666666666663,6.744159339208118e-05,,,
2.0,478.55555555555554,6.672624177652743e-05,,,
2.0,481.44444444444446,6.600316762065669e-05,,,
2.0,484.33333333333337,6.527264947830117e-05,,,
2.0,487.22222222222223,6.453477851431977e-05,,,
2.0,490.1111111111111,6.378998090953344e-05,,,
2.0,493.0,6.303836656387809e-05,,,
2.0,495.8888888888889,6.228031077888659e-05,,,
2.0,498.77777777777777,6.151606764447028e-05,,,
2.0,501.66666666666663,6.07459610634126e-05,,,
2.0,504.55555555555554,5.9970259191612065e-05,,,
2.0,507.44444444444446,5.918929810251978e-05,,,
2.0,510.33333333333337,5.840335909914702e-05,,,
2.0,513.2222222222222,5.761278927044301e-05,,,
2.0,516.1111111111111,5.6817939923085945e-05,,,
2.0,519.0,5.601905044721422e-05,,,
2.0,521.8888888888889,5.5216597653205274e-05,,,
2.0,524.7777777777778,5.4410943180083496e-05,,,
2.0,527.6666666666666,5.360228376281958e-05,,,
2.0,530.5555555555555,5.27911025890788e-05,,,
2.0,533.4444444444445,5.197771595699829e-05,,,
2.0,536.3333333333334,5.116249843754492e-05,,,
2.0,539.2222222222222,5.034582597012589e-05,,,
2.0,542.1111111111111,4.952807549749442e-05,,,
2.0,545.0,4.870957266600743e-05,,,
2.0,547.8888888888889,4.789079984199465e-05,,,
2.0,550.7777777777778,4.707198095330662e-05,,,
2.0,553.6666666666666,4.6253696983034404e-05,,,
2.0,556.5555555555555,4.5436123219311914e-05,,,
2.0,559.4444444444445,4.461968738343151e-05,,,
2.0,562.3333333333334,4.380481290384482e-05,,,
2.0,565.2222222222222,4.299191853099755e-05,,,
2.0,568.1111111111111,4.218123149823148e-05,,,
2.0,571.0,4.137321397453985e-05,,,
2.0,573.8888888888889,4.056827435666373e-05,,,
2.0,576.7777777777778,3.976668096339455e-05,,,
2.0,579.6666666666666,3.896887932540544e-05,,,
2.0,582.5555555555555,3.81751321562441e-05,,,
2.0,585.4444444444445,3.738583068379224e-05,,,
2.0,588.3333333333334,3.660131643972688e-05,,,
2.0,591.2222222222222,3.582192551181121e-05,,,
2.0,594.1111111111111,3.5047988175693886e-05,,,
2.0,597.0,3.4279868555640565e-05,,,
2.0,599.8888888888889,3.351784289325725e-05,,,
2.0,602.7777777777778,3.2762221874439634e-05,,,
2.0,605.6666666666667,3.201330895290273e-05,,,
2.0,608.5555555555555,3.1271437450303465e-05,,,
2.0,611.4444444444445,3.053685662852221e-05,,,
2.0,614.3333333333333,2.980984625257162e-05,,,
2.0,617.2222222222222,2.9090677550795367e-05,,,
2.0,620.1111111111111,2.8379612912051475e-05,,,
2.0,623.0,2.7676905593785878e-05,,,
2.2,401.0,9.270050700738596e-05,,,
2.2,402.010101010101,9.254099716289364e-05,,,
2.2,403.020202020202,9.238032276765004e-05,,,
2.2,404.030303030303,9.221851620593229e-05,,,
2.2,405.04040404040404,9.205556447851355e-05,,,
2.2,406.050505050505,9.189136429356736e-05,,,
2.2,407.06060606060606,9.172599426205208e-05,,,
2.2,408.07070707070704,9.155944243457038e-05,,,
2.2,409.0808080808081,9.139169720560676e-05,,,
2.2,410.09090909090907,9.122274731096363e-05,,,
2.2,411.1010101010101,9.1052581825068e-05,,,
2.2,412.1111111111111,9.088110032486288e-05,,,
2.2,413.1212121212121,9.070847235927344e-05,,,
2.2,414.1313131313131,9.053459803172651e-05,,,
2.2,415.14141414141415,9.035942303650954e-05,,,
2.2,416.1515151515151,9.018298294972492e-05,,,
2.2,417.16161616161617,9.00053133882225e-05,,,
2.2,418.17171717171715,8.982636101343756e-05,,,
2.2,419.1818181818182,8.964620635569779e-05,,,
2.2,420.19191919191917,8.946466358110984e-05,,,
2.2,421.2020202020202,8.928190254278247e-05,,,
2.2,422.2121212121212,8.909782701360935e-05,,,
2.2,423.22222222222223,8.891242991678275e-05,,,
2.2,424.2323232323232,8.872579258749199e-05,,,
2.2,425.24242424242425,8.853777621538794e-05,,,
2.2,426.25252525252523,8.8348506737354e-05,,,
2.2,427.26262626262627,8.815793315453794e-05,,,
2.2,428.27272727272725,8.796600683035925e-05,,,
2.2,429.2828282828283,8.777280948199946e-05,,,
2.2,430.2929292929293,8.757824843677661e-05,,,
2.2,431.3030303030303,8.738240599916096e-05,,,
2.2,432.3131313131313,8.718527724838572e-05,,,
2.2,433.32323232323233,8.698677081648225e-05,,,
2.2,434.3333333333333,8.678696936866956e-05,,,
2.2,435.34343434343435,8.658578240086488e-05,,,
2.2,436.35353535353534,8.63832928029076e-05,,,
2.2,437.3636363636364,8.617954004766677e-05,,,
2.2,438.37373737373736,8.597439171297686e-05,,,
2.2,439.3838383838384,8.576797387386616e-05,,,
2.2,440.3939393939394,8.55602407060859e-05,,,
2.2,441.4040404040404,8.535110426068664e-05,,,
2.2,442.4141414141414,8.514073327112313e-05,,,
2.2,443.42424242424244,8.4929040128805e-05,,,
2.2,444.4343434343434,8.471593814564453e-05,,,
2.2,445.44444444444446,8.450159579994047e-05,,,
2.2,446.45454545454544,8.428592672912803e-05,,,
2.2,447.4646464646465,8.40689299000459e-05,,,
2.2,448.47474747474746,8.385060452213789e-05,,,
2.2,449.4848484848485,8.363095004561218e-05,,,
2.2,450.4949494949495,8.341005004024e-05,,,
2.2,451.5050505050505,8.318782019987716e-05,,,
2.2,452.5151515151515,8.296426068351122e-05,,,
2.2,453.52525252525254,8.273945523375757e-05,,,
2.2,454.5353535353535,8.251332076829427e-05,,,
2.2,455.54545454545456,8.228594113092455e-05,,,
2.2,456.55555555555554,8.205723405106689e-05,,,
2.2,457.5656565656566,8.182728346369723e-05,,,
2.2,458.57575757575756,8.159600790769316e-05,,,
2.2,459.5858585858586,8.136349139936944e-05,,,
2.2,460.5959595959596,8.11297353623973e-05,,,
2.2,461.6060606060606,8.089465954462836e-05,,,
2.2,462.6161616161616,8.065834806513707e-05,,,
2.2,463.62626262626264,8.042080299438021e-05,,,
2.2,464.6363636363636,8.018202661476443e-05,,,
2.2,465.64646464646466,7.994202141937998e-05,,,
2.2,466.65656565656565,7.970079011071822e-05,,,
2.2,467.6666666666667,7.945825484039732e-05,,,
2.2,468.67676767676767,7.921458043587908e-05,,,
2.2,469.6868686868687,7.896968927033738e-05,,,
2.2,470.6969696969697,7.87235848713796e-05,,,
2.2,471.7070707070707,7.847627096991878e-05,,,
2.2,472.7171717171717,7.822775149895304e-05,,,
2.2,473.72727272727275,7.79781101858739e-05,,,
2.2,474.73737373737373,7.772719198011778e-05,,,
2.2,475.74747474747477,7.747523959956416e-05,,,
2.2,476.75757575757575,7.722201958323812e-05,,,
2.2,477.7676767676768,7.696769504944699e-05,,,
2.2,478.77777777777777,7.671227051456335e-05,,,
2.2,479.7878787878788,7.645567228764664e-05,,,
2.2,480.7979797979798,7.619790586954248e-05,,,
2.2,481.80808080808083,7.593913293372663e-05,,,
2.2,482.8181818181818,7.567920256640665e-05,,,
2.2,483.82828282828285,7.541812083591952e-05,,,
2.2,484.83838383838383,7.515604874979733e-05,,,
2.2,485.8484848484849,7.489283717558492e-05,,,
2.2,486.85858585858585,7.462856970050173e-05,,,
2.2,487.8686868686869,7.436325251130587e-05,,,
2.2,488.8787878787879,7.409689197421402e-05,,,
2.2,489.8888888888889,7.382949463387288e-05,,,
2.2,490.8989898989899,7.356106721230333e-05,,,
2.2,491.90909090909093,7.32916925192884e-05,,,
2.2,492.9191919191919,7.302122559323207e-05,,,
2.2,493.92929292929296,7.274982529092321e-05,,,
2.2,494.93939393939394,7.247742311946681e-05,,,
2.2,495.949494949495,7.220402666935213e-05,,,
2.2,496.95959595959596,7.192971854447871e-05,,,
2.2,497.969696969697,7.165443140153749e-05,,,
2.2,498.979797979798,7.137817333824455e-05,,,
2.2,499.98989898989896,7.110102681189026e-05,,,
2.2,501.0,7.082299959939812e-05,,,
2.9000000000000004,580.0,8.470134815018796e-05,,,
2.9000000000000004,581.010101010101,8.432374679807057e-05,,,
2.9000000000000004,582.020202020202,8.394551949910348e-05,,,
2.9000000000000004,583.030303030303,8.356688799490671e-05,,,
2.9000000000000004,584.040404040404,8.318776322616842e-05,,,
2.9000000000000004,585.0505050505051,8.280815991214404e-05,,,
2.9000000000000004,586.060606060606,8.242819513437129e-05,,,
2.9000000000000004,587.070707070707,8.204767892747494e-05,,,
2.9000000000000004,588.0808080808081,8.166683052371286e-05,,,
2.9000000000000004,589.0909090909091,8.128566409453787e-05,,,
2.9000000000000004,590.10101010101,8.090409275221109e-05,,,
2.9000000000000004,591.1111111111111,8.052213167661364e-05,,,
2.9000000000000004,592.1212121212121,8.013989666487513e-05,,,
2.9000000000000004,593.1313131313132,7.975730190807825e-05,,,
2.9000000000000004,594.1414141414141,7.937446275192523e-05,,,
2.9000000000000004,595.1515151515151,7.899139376548996e-05,,,
2.9000000000000004,596.1616161616162,7.86080102099668e-05,,,
2.9000000000000004,597.1717171717172,7.822442673146702e-05,,,
2.9000000000000004,598.1818181818181,7.784055930228317e-05,,,
2.9000000000000004,599.1919191919192,7.745652208918625e-05,,,
2.9000000000000004,600.2020202020202,7.707232994407598e-05,,,
2.9000000000000004,601.2121212121212,7.668799776895245e-05,,,
2.9000000000000004,602.2222222222222,7.630344294636723e-05,,,
2.9000000000000004,603.2323232323232,7.591877864751304e-05,,,
2.9000000000000004,604.2424242424242,7.553401991681222e-05,,,
2.9000000000000004,605.2525252525253,7.514927849631826e-05,,,
2.9000000000000004,606.2626262626262,7.476427955000998e-05,,,
2.9000000000000004,607.2727272727273,7.437932820972451e-05,,,
2.9000000000000004,608.2828282828283,7.399434302550242e-05,,,
2.9000000000000004,609.2929292929293,7.360933923764033e-05,,,
2.9000000000000004,610.3030303030303,7.322433211999424e-05,,,
2.9000000000000004,611.3131313131313,7.283933697810952e-05,,,
2.9000000000000004,612.3232323232323,7.245436914731387e-05,,,
2.9000000000000004,613.3333333333334,7.206953816977574e-05,,,
2.9000000000000004,614.3434343434343,7.168467076309132e-05,,,
2.9000000000000004,615.3535353535353,7.129997038313829e-05,,,
2.9000000000000004,616.3636363636364,7.091535828348178e-05,,,
2.9000000000000004,617.3737373737374,7.0530849916803e-05,,,
2.9000000000000004,618.3838383838383,7.014655335690606e-05,,,
2.9000000000000004,619.3939393939394,6.976239085236659e-05,,,
2.9000000000000004,620.4040404040404,6.9378377901875e-05,,,
2.9000000000000004,621.4141414141415,6.899462166387009e-05,,,
2.9000000000000004,622.4242424242424,6.86110453717274e-05,,,
2.9000000000000004,623.4343434343434,6.822766455237326e-05,,,
2.9000000000000004,624.4444444444445,6.784458542391472e-05,,,
2.9000000000000004,625.4545454545455,6.746182255652576e-05,,,
2.9000000000000004,626.4646464646464,6.707930047847976e-05,,,
2.9000000000000004,627.4747474747475,6.66970347247979e-05,,,
2.9000000000000004,628.4848484848485,6.631513021979716e-05,,,
2.9000000000000004,629.4949494949495,6.593360151685035e-05,,,
2.9000000000000004,630.5050505050505,6.555246315917993e-05,,,
2.9000000000000004,631.5151515151515,6.517164126434675e-05,,,
2.9000000000000004,632.5252525252525,6.479123941725144e-05,,,
2.9000000000000004,633.5353535353536,6.441127212066589e-05,,,
2.9000000000000004,634.5454545454545,6.403166642947459e-05,,,
2.9000000000000004,635.5555555555555,6.365252489638263e-05,,,
2.9000000000000004,636.5656565656566,6.327394873650655e-05,,,
2.9000000000000004,637.5757575757576,6.289577849814349e-05,,,
2.9000000000000004,638.5858585858585,6.251802956664739e-05,,,
2.9000000000000004,639.5959595959596,6.214088885853655e-05,,,
2.9000000000000004,640.6060606060606,6.176428426950054e-05,,,
2.9000000000000004,641.6161616161617,6.138823010359952e-05,,,
2.9000000000000004,642.6262626262626,6.101265585107364e-05,,,
2.9000000000000004,643.6363636363636,6.063774563929438e-05,,,
2.9000000000000004,644.6464646464647,6.02634285513289e-05,,,
2.9000000000000004,645.6565656565657,5.988971874327396e-05,,,
2.9000000000000004,646.6666666666666,5.951663032930179e-05,,,
2.9000000000000004,647.6767676767677,5.9144177379673255e-05,,,
2.9000000000000004,648.6868686868687,5.877237391877394e-05,,,
2.9000000000000004,649.6969696969697,5.8401316356177066e-05,,,
2.9000000000000004,650.7070707070707,5.8030935511342565e-05,,,
2.9000000000000004,651.7171717171717,5.766124525789807e-05,,,
2.9000000000000004,652.7272727272727,5.7292259415807594e-05,,,
2.9000000000000004,653.7373737373738,5.69240728315764e-05,,,
2.9000000000000004,654.7474747474747,5.6556617452326876e-05,,,
2.9000000000000004,655.7575757575758,5.6189906924174323e-05,,,
2.9000000000000004,656.7676767676768,5.582403489672309e-05,,,
2.9000000000000004,657.7777777777778,5.5458934146875626e-05,,,
2.9000000000000004,658.7878787878788,5.509461812982492e-05,,,
2.9000000000000004,659.7979797979798,5.473125832254163e-05,,,
2.9000000000000004,660.8080808080808,5.436862988844975e-05,,,
2.9000000000000004,661.8181818181819,5.400690382248601e-05,,,
2.9000000000000004,662.8282828282828,5.3646092275279405e-05,,,
2.9000000000000004,663.8383838383838,5.328612964163212e-05,,,
2.9000000000000004,664.8484848484849,5.292710628155902e-05,,,
2.9000000000000004,665.8585858585859,5.256895711707e-05,,,
2.9000000000000004,666.8686868686868,5.221177166492196e-05,,,
2.9000000000000004,667.8787878787879,5.1855561679115935e-05,,,
2.9000000000000004,668.8888888888889,5.150026286084107e-05,,,
2.9000000000000004,669.89898989899,5.114596344687387e-05,,,
2.9000000000000004,670.9090909090909,5.0792674932534446e-05,,,
2.9000000000000004,671.9191919191919,5.044040872342654e-05,,,
2.9000000000000004,672.929292929293,5.0089101538463416e-05,,,
2.9000000000000004,673.939393939394,4.97388398814205e-05,,,
2.9000000000000004,674.9494949494949,4.938963487946249e-05,,,
2.9000000000000004,675.959595959596,4.9041497563646575e-05,,,
2.9000000000000004,676.969696969697,4.8694438867356686e-05,,,
2.9000000000000004,677.9797979797979,4.8348396748275846e-05,,,
2.9000000000000004,678.989898989899,4.800352803691248e-05,,,
2.9000000000000004,680.0,4.765977014413148e-05,,,
