_kbar,molality_m,reference,experiment_type,P_bar,experiment_id,is_psat,predicted_m,abs_diff,rel_diff_pct,backend
320,0.2,0.013314626,Kennedy_1950,3phase,200.0,Kennedy_1950 (3phase),False,0.013061525248297111,0.00025310075170288833,1.9377580098150191,PerplexDEW (ExtendedDH)
337,0.2,0.013314626,Kennedy_1950,3phase,200.0,Kennedy_1950 (3phase),False,0.014346729192130194,-0.001032103192130195,-7.193996473400699,PerplexDEW (ExtendedDH)
350,0.2,0.013314626,Kennedy_1950,3phase,200.0,Kennedy_1950 (3phase),False,2.262691631685484e-07,0.013314399730836831,5884319.164127065,PerplexDEW (ExtendedDH)
360,0.2,0.011650298,Kennedy_1950,3phase,200.0,Kennedy_1950 (3phase),False,1.7699194899336e-07,0.011650121008051007,6582288.671496618,PerplexDEW (ExtendedDH)
365,0.2,0.010568485,Kennedy_1950,3phase,200.0,Kennedy_1950 (3phase),False,1.5573598076826266e-07,0.010568329264019233,6786054.970652579,PerplexDEW (ExtendedDH)
368,0.2,0.007739127,Kennedy_1950,3phase,200.0,Kennedy_1950 (3phase),False,1.4398578599845175e-07,0.007738983014214002,5374824.299877224,PerplexDEW (ExtendedDH)
326,0.25,0.013647492,Kennedy_1950,2phase,250.0,Kennedy_1950 (2phase),False,0.013980892308534444,-0.00033340030853444384,-2.3846854776996187,PerplexDEW (ExtendedDH)
336,0.25,0.014313223,Kennedy_1950,2phase,250.0,Kennedy_1950 (2phase),False,0.014857385896689487,-0.0005441628966894874,-3.662574967583883,PerplexDEW (ExtendedDH)
358,0.25,0.014479656,Kennedy_1950,2phase,250.0,Kennedy_1950 (2phase),False,7.863391063213219e-06,0.014471792608936787,184040.0978737941,PerplexDEW (ExtendedDH)
369,0.25,0.012648895,Kennedy_1950,2phase,250.0,Kennedy_1950 (2phase),False,6.705557582035634e-06,0.012642189442417965,188533.00844491628,PerplexDEW (ExtendedDH)
374,0.25,0.009819537,Kennedy_1950,2phase,250.0,Kennedy_1950 (2phase),False,6.2093397770230196e-06,0.009813327660222977,158041.4023490246,PerplexDEW (ExtendedDH)
375,0.25,0.010152403,Kennedy_1950,2phase,250.0,Kennedy_1950 (2phase),False,6.112784018010647e-06,0.01014629021598199,165984.7654699898,PerplexDEW (ExtendedDH)
380,0.25,0.00765591,Kennedy_1950,2phase,250.0,Kennedy_1950 (2phase),False,5.641599438251506e-06,0.007650268400561749,135604.6008635591,PerplexDEW (ExtendedDH)
389,0.25,0.002662925,Kennedy_1950,2phase,250.0,Kennedy_1950 (2phase),False,4.8537886448272335e-06,0.0026580712113551726,54762.8132549184,PerplexDEW (ExtendedDH)
300,0.3,0.012815328,Kennedy_1950,2phase,300.0,Kennedy_1950 (2phase),False,0.011596463829840028,0.001218864170159973,10.510653834176509,PerplexDEW (ExtendedDH)
300,0.3,0.012815328,Kennedy_1950,2phase,300.0,Kennedy_1950 (2phase),False,0.011596463829840028,0.001218864170159973,10.510653834176509,PerplexDEW (ExtendedDH)
325,0.3,0.014646089,Kennedy_1950,2phase,300.0,Kennedy_1950 (2phase),False,0.014243823971753035,0.0004022650282469644,2.8241364751817857,PerplexDEW (ExtendedDH)
341,0.3,0.015145387,Kennedy_1950,2phase,300.0,Kennedy_1950 (2phase),False,0.015807468857528213,-0.0006620818575282135,-4.188411588822463,PerplexDEW (ExtendedDH)
355,0.3,0.016143984,Kennedy_1950,2phase,300.0,Kennedy_1950 (2phase),False,0.016837806592179805,-0.0006938225921798054,-4.120623362558673,PerplexDEW (ExtendedDH)
360,0.3,0.016143984,Kennedy_1950,2phase,300.0,Kennedy_1950 (2phase),False,0.017052715661877854,-0.000908731661877854,-5.328955691845413,PerplexDEW (ExtendedDH)
372,0.3,0.014812522,Kennedy_1950,2phase,300.0,Kennedy_1950 (2phase),False,7.076862592352136e-05,0.014741753374076478,20830.916499647286,PerplexDEW (ExtendedDH)
381,0.3,0.012981761,Kennedy_1950,2phase,300.0,Kennedy_1950 (2phase),False,6.453384219101899e-05,0.012917227157808981,20016.2065658112,PerplexDEW (ExtendedDH)
385,0.3,0.012149596,Kennedy_1950,2phase,300.0,Kennedy_1950 (2phase),False,6.181604054485318e-05,0.012087779959455147,19554.439030569032,PerplexDEW (ExtendedDH)
390,0.3,0.010568485,Kennedy_1950,2phase,300.0,Kennedy_1950 (2phase),False,5.848922309960571e-05,0.010509995776900396,17969.115026544514,PerplexDEW (ExtendedDH)
391,0.3,0.010152403,Kennedy_1950,2phase,300.0,Kennedy_1950 (2phase),False,5.78331137148398e-05,0.010094569886285161,17454.653982593583,PerplexDEW (ExtendedDH)
397,0.3,0.007988776,Kennedy_1950,2phase,300.0,Kennedy_1950 (2phase),False,5.3968481604148857e-05,0.007934807518395851,14702.669562943305,PerplexDEW (ExtendedDH)
408,0.3,0.004826552,Kennedy_1950,2phase,300.0,Kennedy_1950 (2phase),False,4.724837330509346e-05,0.004779303626694906,10115.276553192338,PerplexDEW (ExtendedDH)
348,0.35,0.016143984,Kennedy_1950,2phase,350.0,Kennedy_1950 (2phase),False,0.016996646313222886,-0.0008526623132228857,-5.0166503291860565,PerplexDEW (ExtendedDH)
366,0.35,0.017309014,Kennedy_1950,2phase,350.0,Kennedy_1950 (2phase),False,0.01831005083790714,-0.0010010368379071398,-5.467143956993838,PerplexDEW (ExtendedDH)
385,0.35,0.015811119,Kennedy_1950,2phase,350.0,Kennedy_1950 (2phase),False,0.0003414085534136136,0.015469710446586385,4531.143198350089,PerplexDEW (ExtendedDH)
392,0.35,0.013647492,Kennedy_1950,2phase,350.0,Kennedy_1950 (2phase),False,0.0003197039705083514,0.013327788029491649,4168.790274421536,PerplexDEW (ExtendedDH)
400,0.35,0.012648895,Kennedy_1950,2phase,350.0,Kennedy_1950 (2phase),False,0.0002965427371291499,0.01235235226287085,4165.454322859094,PerplexDEW (ExtendedDH)
420,0.35,0.008071992,Kennedy_1950,2phase,350.0,Kennedy_1950 (2phase),False,0.0002445958928398354,0.007827396107160165,3200.133909151797,PerplexDEW (ExtendedDH)
428,0.35,0.006574097,Kennedy_1950,2phase,350.0,Kennedy_1950 (2phase),False,0.0002258787667024449,0.006348218233297555,2810.45373408657,PerplexDEW (ExtendedDH)
361,0.4,0.017808313,Kennedy_1950,2phase,400.0,Kennedy_1950 (2phase),False,0.018831981499090197,-0.0010236684990901981,-5.435798134889062,PerplexDEW (ExtendedDH)
392,0.4,0.016976149,Kennedy_1950,2phase,400.0,Kennedy_1950 (2phase),False,0.001292393709499728,0.01568375529050027,1213.543146737482,PerplexDEW (ExtendedDH)
407,0.4,0.015644686,Kennedy_1950,2phase,400.0,Kennedy_1950 (2phase),False,0.0010460003533074992,0.014598685646692502,1395.6673724373816,PerplexDEW (ExtendedDH)
430,0.4,0.01090135,Kennedy_1950,2phase,400.0,Kennedy_1950 (2phase),False,0.0008298177035341169,0.010071532296465884,1213.7041971474166,PerplexDEW (ExtendedDH)
453,0.4,0.00765591,Kennedy_1950,2phase,400.0,Kennedy_1950 (2phase),False,0.00067645562402729,0.00697945437597271,1031.7682532403842,PerplexDEW (ExtendedDH)
317,0.5,0.014479656,Kennedy_1950,2phase,500.0,Kennedy_1950 (2phase),False,0.014361996250498013,0.00011765974950198738,0.8192437001778735,PerplexDEW (ExtendedDH)
343,0.5,0.017475447,Kennedy_1950,2phase,500.0,Kennedy_1950 (2phase),False,0.01778687160109987,-0.0003114246010998689,-1.750867764068256,PerplexDEW (ExtendedDH)
368,0.5,0.019639074,Kennedy_1950,2phase,500.0,Kennedy_1950 (2phase),False,0.020946193516049125,-0.001307119516049126,-6.240367802615791,PerplexDEW (ExtendedDH)
380,0.5,0.019639074,Kennedy_1950,2phase,500.0,Kennedy_1950 (2phase),False,0.022189203076305234,-0.0025501290763052346,-11.492657341211109,PerplexDEW (ExtendedDH)
395,0.5,0.019805507,Kennedy_1950,2phase,500.0,Kennedy_1950 (2phase),False,0.023156931652206326,-0.003351424652206326,-14.472662883586356,PerplexDEW (ExtendedDH)
396,0.5,0.019639074,Kennedy_1950,2phase,500.0,Kennedy_1950 (2phase),False,0.023186140537252663,-0.003547066537252664,-15.298218914673056,PerplexDEW (ExtendedDH)
423,0.5,0.018474044,Kennedy_1950,2phase,500.0,Kennedy_1950 (2phase),False,0.019997792678484245,-0.0015237486784842463,-7.619584336043535,PerplexDEW (ExtendedDH)
438,0.5,0.01647685,Kennedy_1950,2phase,500.0,Kennedy_1950 (2phase),False,0.006131162251482508,0.010345687748517494,168.73942205681993,PerplexDEW (ExtendedDH)
455,0.5,0.015395037,Kennedy_1950,2phase,500.0,Kennedy_1950 (2phase),False,0.004328602831107815,0.011066434168892185,255.65834059346957,PerplexDEW (ExtendedDH)
475,0.5,0.013397843,Kennedy_1950,2phase,500.0,Kennedy_1950 (2phase),False,0.0035548549918914727,0.009842988008108526,276.88859406530264,PerplexDEW (ExtendedDH)
506,0.5,0.011067783,Kennedy_1950,2phase,500.0,Kennedy_1950 (2phase),False,0.002868818920327225,0.008198964079672775,285.795803338385,PerplexDEW (ExtendedDH)
511,0.5,0.010734917,Kennedy_1950,2phase,500.0,Kennedy_1950 (2phase),False,0.0027816336877584604,0.00795328331224154,285.92130398918846,PerplexDEW (ExtendedDH)
540,0.5,0.009819537,Kennedy_1950,2phase,500.0,Kennedy_1950 (2phase),False,0.002343328421721709,0.0074762085782782905,319.0422865602983,PerplexDEW (ExtendedDH)
401,0.6,0.02296773,Kennedy_1950,2phase,600.0,Kennedy_1950 (2phase),False,0.026229439696469632,-0.0032617096964696335,-12.435300693474765,PerplexDEW (ExtendedDH)
410,0.6,0.022634865,Kennedy_1950,2phase,600.0,Kennedy_1950 (2phase),False,0.026877224766719027,-0.004242359766719026,-15.784218063957882,PerplexDEW (ExtendedDH)
442,0.6,0.022301999,Kennedy_1950,2phase,600.0,Kennedy_1950 (2phase),False,0.025008552826154398,-0.002706553826154399,-10.822512781802534,PerplexDEW (ExtendedDH)
478,0.6,0.019139775,Kennedy_1950,2phase,600.0,Kennedy_1950 (2phase),False,0.012371768609692463,0.006768006390307538,54.70524549744046,PerplexDEW (ExtendedDH)
506,0.6,0.01764188,Kennedy_1950,2phase,600.0,Kennedy_1950 (2phase),False,0.009301416296183352,0.008340463703816647,89.66874977135457,PerplexDEW (ExtendedDH)
507,0.6,0.017808313,Kennedy_1950,2phase,600.0,Kennedy_1950 (2phase),False,0.009240047418446183,0.008568265581553816,92.72967111022321,PerplexDEW (ExtendedDH)
545,0.6,0.016643283,Kennedy_1950,2phase,600.0,Kennedy_1950 (2phase),False,0.007642059005705516,0.009001223994294483,117.78532444690917,PerplexDEW (ExtendedDH)
605,0.6,0.016310417,Kennedy_1950,2phase,600.0,Kennedy_1950 (2phase),False,0.006140034788393784,0.010170382211606217,165.6404656017716,PerplexDEW (ExtendedDH)
330,0.75,0.017309014,Kennedy_1950,2phase,750.0,Kennedy_1950 (2phase),False,0.01727708778722991,3.1926212770091306e-05,0.1847893184503529,PerplexDEW (ExtendedDH)
355,0.75,0.020471238,Kennedy_1950,2phase,750.0,Kennedy_1950 (2phase),False,0.02140071073961111,-0.0009294727396111091,-4.343186312456085,PerplexDEW (ExtendedDH)
378,0.75,0.023966327,Kennedy_1950,2phase,750.0,Kennedy_1950 (2phase),False,0.02541346768704201,-0.0014471406870420096,-5.694384980684425,PerplexDEW (ExtendedDH)
410,0.75,0.025630656,Kennedy_1950,2phase,750.0,Kennedy_1950 (2phase),False,0.0307130166548944,-0.005082360654894397,-16.547904466702644,PerplexDEW (ExtendedDH)
436,0.75,0.026629253,Kennedy_1950,2phase,750.0,Kennedy_1950 (2phase),False,0.033794647829455265,-0.007165394829455267,-21.202750404784336,PerplexDEW (ExtendedDH)
449,0.75,0.02646282,Kennedy_1950,2phase,750.0,Kennedy_1950 (2phase),False,0.03448570352826768,-0.008022883528267678,-23.264375400349245,PerplexDEW (ExtendedDH)
504,0.75,0.027211767,Kennedy_1950,2phase,750.0,Kennedy_1950 (2phase),False,0.028113717671121936,-0.0009019506711219344,-3.2082226963828657,PerplexDEW (ExtendedDH)
553,0.75,0.02762785,Kennedy_1950,2phase,750.0,Kennedy_1950 (2phase),False,0.02201376408162418,0.005614085918375818,25.502616897135425,PerplexDEW (ExtendedDH)
559,0.75,0.027794282,Kennedy_1950,2phase,750.0,Kennedy_1950 (2phase),False,0.0216399043660183,0.0061543776339816995,28.439948392960908,PerplexDEW (ExtendedDH)
69,0.000293842,0.000382796,Morey_Fournier_Rowe_1962,3phase,0.293842,Morey_Fournier_Rowe_1962 (3phase),True,0.0004417972227463094,-5.9001222746309393e-05,-13.354819747291465,PerplexDEW (ExtendedDH)
84,0.000557288,0.00014979,Morey_Fournier_Rowe_1962,3phase,0.557288,Morey_Fournier_Rowe_1962 (3phase),True,0.0005822297141393649,-0.0004324397141393649,-74.2730409729405,PerplexDEW (ExtendedDH)
84,0.000658613,4.99e-05,Morey_Fournier_Rowe_1962,3phase,0.658613,Morey_Fournier_Rowe_1962 (3phase),True,0.0005822369570513771,-0.0005323369570513772,-91.42960621175465,PerplexDEW (ExtendedDH)
136,0.003141075,0.001647685,Morey_Fournier_Rowe_1962,3phase,3.1410750000000003,Morey_Fournier_Rowe_1962 (3phase),True,0.0014090925726816658,0.0002385924273183343,16.932345819144118,PerplexDEW (ExtendedDH)
136,0.003141075,0.001664328,Morey_Fournier_Rowe_1962,3phase,3.1410750000000003,Morey_Fournier_Rowe_1962 (3phase),True,0.0014090925726816658,0.0002552354273183343,18.113460553737205,PerplexDEW (ExtendedDH)
160,0.0062,0.00116503,Kennedy_1950,3phase,6.2,Kennedy_1950 (3phase),True,0.0020380883719097265,-0.0008730583719097264,-42.83712050678424,PerplexDEW (ExtendedDH)
182,0.0111,0.002829358,Kennedy_1950,3phase,11.1,Kennedy_1950 (3phase),True,0.002798982445293333,3.0375554706667338e-05,1.0852356276026585,PerplexDEW (ExtendedDH)
190,0.0125643,0.003927815,Morey_Fournier_Rowe_1962,3phase,12.564300000000001,Morey_Fournier_Rowe_1962 (3phase),True,0.003137674592596323,0.0007901404074036771,25.18235668122174,PerplexDEW (ExtendedDH)
200,0.0155,0.003994388,Kennedy_1950,3phase,15.5,Kennedy_1950 (3phase),True,0.0035742731785355464,0.0004201148214644534,11.753853174607743,PerplexDEW (ExtendedDH)
219,0.022798125,0.003461803,Morey_Fournier_Rowe_1962,3phase,22.798125,Morey_Fournier_Rowe_1962 (3phase),True,0.004560034823950515,-0.0010982318239505149,-24.083847302707195,PerplexDEW (ExtendedDH)
219,0.022798125,0.005292564,Morey_Fournier_Rowe_1962,3phase,22.798125,Morey_Fournier_Rowe_1962 (3phase),True,0.004560034823950515,0.0007325291760494849,16.064113637949582,PerplexDEW (ExtendedDH)
219,0.022798125,0.00552557,Morey_Fournier_Rowe_1962,3phase,22.798125,Morey_Fournier_Rowe_1962 (3phase),True,0.004560034823950515,0.0009655351760494849,21.173855317469013,PerplexDEW (ExtendedDH)
222,0.025,0.005991582,Kennedy_1950,3phase,25.0,Kennedy_1950 (3phase),True,0.004732953878567766,0.0012586281214322335,26.592866816887422,PerplexDEW (ExtendedDH)
240,0.03343725,0.007323044,Morey_Fournier_Rowe_1962,3phase,33.43725,Morey_Fournier_Rowe_1962 (3phase),True,0.005789644548628467,0.0015333994513715326,26.485208867179693,PerplexDEW (ExtendedDH)
240,0.0335,0.007156612,Kennedy_1950,3phase,33.5,Kennedy_1950 (3phase),True,0.0057896515436913,0.0013669604563086996,23.61040981470136,PerplexDEW (ExtendedDH)
263,0.0517,0.009486671,Kennedy_1950,3phase,51.7,Kennedy_1950 (3phase),True,0.007548754800380416,0.0019379161996195843,25.671998241642765,PerplexDEW (ExtendedDH)
280,0.0642,0.010485268,Kennedy_1950,3phase,64.19999999999999,Kennedy_1950 (3phase),True,0.008646271961183498,0.0018389960388165028,21.269236580487828,PerplexDEW (ExtendedDH)
300,0.0859,0.011317432,Kennedy_1950,3phase,85.9,Kennedy_1950 (3phase),True,0.010159553385002,0.0011578786149979998,11.396944049797634,PerplexDEW (ExtendedDH)
318,0.1067,0.011816731,Kennedy_1950,3phase,106.7,Kennedy_1950 (3phase),True,0.01215429165227958,-0.00033756065227957995,-2.7772959703190048,PerplexDEW (ExtendedDH)
330,0.1281,0.012316029,Kennedy_1950,3phase,128.1,Kennedy_1950 (3phase),True,0.013052370478583129,-0.0007363414785831295,-5.641438693387911,PerplexDEW (ExtendedDH)
325,0.15,0.012815328,Kennedy_1950,3phase,150.0,Kennedy_1950 (3phase),True,0.01302701769667101,-0.00021168969667100836,-1.6250050594857535,PerplexDEW (ExtendedDH)
339,0.15,0.012648895,Kennedy_1950,3phase,150.0,Kennedy_1950 (3phase),True,0.01365779323532439,-0.0010088982353243896,-7.3869783935151725,PerplexDEW (ExtendedDH)
346,0.1565,0.011650298,Kennedy_1950,3phase,156.5,Kennedy_1950 (3phase),True,,,,PerplexDEW (ExtendedDH)
360,0.1867,0.009320238,Kennedy_1950,3phase,186.70000000000002,Kennedy_1950 (3phase),True,0.011103977159630216,-0.0017837391596302165,-16.063966396789837,PerplexDEW (ExtendedDH)
360,0.1867,0.009486671,Kennedy_1950,3phase,186.70000000000002,Kennedy_1950 (3phase),True,0.011103977159630216,-0.001617306159630216,-14.56510704569997,PerplexDEW (ExtendedDH)
360,0.1867,0.010152403,Kennedy_1950,3phase,186.70000000000002,Kennedy_1950 (3phase),True,0.011103977159630216,-0.0009515741596302155,-8.569669641340514,PerplexDEW (ExtendedDH)
368,0.2051,0.007739127,Kennedy_1950,3phase,205.1,Kennedy_1950 (3phase),True,2.3742285441076195e-07,0.00773888957714559,3259538.596801067,PerplexDEW (ExtendedDH)
373,0.221,0.003827955,Kennedy_1950,3phase,221.0,Kennedy_1950 (3phase),True,8.493538210844878e-07,0.0038271056461789154,450590.26652665425,PerplexDEW (ExtendedDH)
200,1.0,0.005370318,Hemley_1980,table2_-log_mol_per_L_approx,1000.0,Hemley_1980 (table2_-log_mol_per_L_approx),True,0.004025095681453259,0.0013452223185467412,33.420878036396125,PerplexDEW (ExtendedDH)
250,1.0,0.009332543,Hemley_1980,table2_-log_mol_per_L_approx,1000.0,Hemley_1980 (table2_-log_mol_per_L_approx),True,0.007675183189501541,0.0016573598104984598,21.59374922497577,PerplexDEW (ExtendedDH)
300,1.0,0.014791084,Hemley_1980,table2_-log_mol_per_L_approx,1000.0,Hemley_1980 (table2_-log_mol_per_L_approx),True,0.013511693876460312,0.0012793901235396872,9.468761912735486,PerplexDEW (ExtendedDH)
350,1.0,0.021877616,Hemley_1980,table2_-log_mol_per_L_approx,1000.0,Hemley_1980 (table2_-log_mol_per_L_approx),True,0.021956441794905506,-7.882579490550712e-05,-0.35900987802038514,PerplexDEW (ExtendedDH)
350,1.0,0.022080047,Walther_Orville_1983,extraction_quench_logm,1000.0,Walther_Orville_1983 (extraction_quench_logm),True,0.021956441794905506,0.00012360520509449233,0.5629564491782639,PerplexDEW (ExtendedDH)
400,1.0,0.030199517,Hemley_1980,table2_-log_mol_per_L_approx,1000.0,Hemley_1980 (table2_-log_mol_per_L_approx),True,0.03271761709726293,-0.0025181000972629326,-7.696465454000285,PerplexDEW (ExtendedDH)
400,1.0,0.02864178,Walther_Orville_1983,extraction_quench_logm,1000.0,Walther_Orville_1983 (extraction_quench_logm),True,0.03271761709726293,-0.004075837097262933,-12.45762209743541,PerplexDEW (ExtendedDH)
450,1.0,0.03801894,Hemley_1980,table2_-log_mol_per_L_approx,1000.0,Hemley_1980 (table2_-log_mol_per_L_approx),True,0.04396836976377199,-0.005949429763771989,-13.531158411686345,PerplexDEW (ExtendedDH)
460,1.0,0.03944573,Walther_Orville_1983,extraction_quench_logm,1000.0,Walther_Orville_1983 (extraction_quench_logm),True,0.04596197986879599,-0.006516249868795988,-14.177478619061688,PerplexDEW (ExtendedDH)
500,1.0,0.046773514,Hemley_1980,table2_-log_mol_per_L_approx,1000.0,Hemley_1980 (table2_-log_mol_per_L_approx),True,0.05184786323459073,-0.005074349234590728,-9.786997800914838,PerplexDEW (ExtendedDH)
500,1.0,0.04102041,Walther_Orville_1983,extraction_quench_logm,1000.0,Walther_Orville_1983 (extraction_quench_logm),True,0.05184786323459073,-0.01082745323459073,-20.88312335187442,PerplexDEW (ExtendedDH)
550,1.0,0.044055486,Walther_Orville_1983,extraction_quench_logm,1000.0,Walther_Orville_1983 (extraction_quench_logm),True,0.05362989290542188,-0.009574406905421884,-17.852742913931735,PerplexDEW (ExtendedDH)
45,1.01325,0.000316222,Morey_Fournier_Rowe_1962,L,1013.25,Morey_Fournier_Rowe_1962 (L),True,0.000319042256950377,-2.8202569503769947e-06,-0.883975990307657,PerplexDEW (ExtendedDH)
45,1.01325,0.000349509,Morey_Fournier_Rowe_1962,L,1013.25,Morey_Fournier_Rowe_1962 (L),True,0.000319042256950377,3.0466743049623014e-05,9.54943816560379,PerplexDEW (ExtendedDH)
75,1.01325,0.000599158,Morey_Fournier_Rowe_1962,L,1013.25,Morey_Fournier_Rowe_1962 (L),True,0.0005517942964956472,4.736370350435278e-05,8.583579751576211,PerplexDEW (ExtendedDH)
75,1.01325,0.000632445,Morey_Fournier_Rowe_1962,L,1013.25,Morey_Fournier_Rowe_1962 (L),True,0.0005517942964956472,8.065070350435279e-05,14.616081394199222,PerplexDEW (ExtendedDH)
90,1.01325,0.000882094,Morey_Fournier_Rowe_1962,L,1013.25,Morey_Fournier_Rowe_1962 (L),True,0.0007206158725903827,0.0001614781274096173,22.408350072717003,PerplexDEW (ExtendedDH)
90,1.01325,0.000948667,Morey_Fournier_Rowe_1962,L,1013.25,Morey_Fournier_Rowe_1962 (L),True,0.0007206158725903827,0.0002280511274096173,31.646697787802914,PerplexDEW (ExtendedDH)
100,1.01325,0.001098457,Morey_Fournier_Rowe_1962,L,1013.25,Morey_Fournier_Rowe_1962 (L),True,0.0008576453708808612,0.0002408116291191388,28.07822875226489,PerplexDEW (ExtendedDH)
100,1.01325,0.001131743,Morey_Fournier_Rowe_1962,L,1013.25,Morey_Fournier_Rowe_1962 (L),True,0.0008576453708808612,0.0002740976291191388,31.959320066943466,PerplexDEW (ExtendedDH)
100,1.01325,0.001148387,Morey_Fournier_Rowe_1962,L,1013.25,Morey_Fournier_Rowe_1962 (L),True,0.0008576453708808612,0.0002907416291191389,33.89998232259181,PerplexDEW (ExtendedDH)
105,1.01325,0.001348106,Morey_Fournier_Rowe_1962,L,1013.25,Morey_Fournier_Rowe_1962 (L),True,0.0009344666892771172,0.0004136393107228828,44.264746455849064,PerplexDEW (ExtendedDH)
110,1.01325,0.001497895,Morey_Fournier_Rowe_1962,L,1013.25,Morey_Fournier_Rowe_1962 (L),True,0.0010172890303547812,0.00048060596964521877,47.24379751520634,PerplexDEW (ExtendedDH)
116,1.01325,0.001764188,Morey_Fournier_Rowe_1962,L,1013.25,Morey_Fournier_Rowe_1962 (L),True,0.00112511548289855,0.0006390725171014501,56.80061529817863,PerplexDEW (ExtendedDH)
120,1.01325,0.001847404,Morey_Fournier_Rowe_1962,L,1013.25,Morey_Fournier_Rowe_1962 (L),True,0.0012024216974911514,0.0006449823025088486,53.640274776694554,PerplexDEW (ExtendedDH)
120,1.01325,0.001864048,Morey_Fournier_Rowe_1962,L,1013.25,Morey_Fournier_Rowe_1962 (L),True,0.0012024216974911514,0.0006616263025088487,55.02448133540251,PerplexDEW (ExtendedDH)
120,1.01325,0.001897334,Morey_Fournier_Rowe_1962,L,1013.25,Morey_Fournier_Rowe_1962 (L),True,0.0012024216974911514,0.0006949123025088487,57.79272812182122,PerplexDEW (ExtendedDH)
125,1.01325,0.001997194,Morey_Fournier_Rowe_1962,L,1013.25,Morey_Fournier_Rowe_1962 (L),True,0.0013055140772679904,0.0006916799227320095,52.98142201418977,PerplexDEW (ExtendedDH)
137,1.01325,0.002379989,Morey_Fournier_Rowe_1962,L,1013.25,Morey_Fournier_Rowe_1962 (L),True,0.0015846286671944855,0.0007953603328055144,50.19222163976527,PerplexDEW (ExtendedDH)
137,1.01325,0.002396633,Morey_Fournier_Rowe_1962,L,1013.25,Morey_Fournier_Rowe_1962 (L),True,0.0015846286671944855,0.0008120043328055146,51.24256235015186,PerplexDEW (ExtendedDH)
137,1.01325,0.002446563,Morey_Fournier_Rowe_1962,L,1013.25,Morey_Fournier_Rowe_1962 (L),True,0.0015846286671944855,0.0008619343328055147,54.39345826877732,PerplexDEW (ExtendedDH)
145,1.01325,0.002879288,Morey_Fournier_Rowe_1962,L,1013.25,Morey_Fournier_Rowe_1962 (L),True,0.0017979369933320232,0.0010813510066679766,60.1439878415297,PerplexDEW (ExtendedDH)
150,1.01325,0.002945861,Morey_Fournier_Rowe_1962,L,1013.25,Morey_Fournier_Rowe_1962 (L),True,0.0019433351567252487,0.0010025258432747514,51.587902364928496,PerplexDEW (ExtendedDH)
160,1.01325,0.00339523,Morey_Fournier_Rowe_1962,L,1013.25,Morey_Fournier_Rowe_1962 (L),True,0.002264298759506025,0.001130931240493975,49.946202361595454,PerplexDEW (ExtendedDH)
160,1.01325,0.003411873,Morey_Fournier_Rowe_1962,L,1013.25,Morey_Fournier_Rowe_1962 (L),True,0.002264298759506025,0.0011475742404939752,50.68122020895898,PerplexDEW (ExtendedDH)
160,1.01325,0.003461803,Morey_Fournier_Rowe_1962,L,1013.25,Morey_Fournier_Rowe_1962 (L),True,0.002264298759506025,0.0011975042404939748,52.88631791483294,PerplexDEW (ExtendedDH)
160,1.01325,0.003495089,Morey_Fournier_Rowe_1962,L,1013.25,Morey_Fournier_Rowe_1962 (L),True,0.002264298759506025,0.0012307902404939748,54.35635360955997,PerplexDEW (ExtendedDH)
185,1.01325,0.004377183,Morey_Fournier_Rowe_1962,L,1013.25,Morey_Fournier_Rowe_1962 (L),True,0.003267632904666024,0.001109550095333976,33.95577556308701,PerplexDEW (ExtendedDH)
190,1.01325,0.004793265,Morey_Fournier_Rowe_1962,L,1013.25,Morey_Fournier_Rowe_1962 (L),True,0.003507281528812271,0.0012859834711877287,36.666103380164714,PerplexDEW (ExtendedDH)
200,1.01325,0.005458997,Morey_Fournier_Rowe_1962,L,1013.25,Morey_Fournier_Rowe_1962 (L),True,0.004030359303586406,0.0014286376964135943,35.446906560969005,PerplexDEW (ExtendedDH)
200,1.01325,0.005492283,Morey_Fournier_Rowe_1962,L,1013.25,Morey_Fournier_Rowe_1962 (L),True,0.004030359303586406,0.0014619236964135938,36.27278826264211,PerplexDEW (ExtendedDH)
225,1.01325,0.007389618,Morey_Fournier_Rowe_1962,L,1013.25,Morey_Fournier_Rowe_1962 (L),True,0.005622960964690934,0.001766657035309066,31.418625283061527,PerplexDEW (ExtendedDH)
246,1.01325,0.009286952,Morey_Fournier_Rowe_1962,L,1013.25,Morey_Fournier_Rowe_1962 (L),True,0.007322055729773726,0.0019648962702262735,26.83530886328005,PerplexDEW (ExtendedDH)
265,1.01325,0.011151,Morey_Fournier_Rowe_1962,L,1013.25,Morey_Fournier_Rowe_1962 (L),True,,,,PerplexDEW (ExtendedDH)
270,1.01325,0.012149596,Morey_Fournier_Rowe_1962,L,1013.25,Morey_Fournier_Rowe_1962 (L),True,0.009732440841167677,0.002417155158832323,24.83606320634278,PerplexDEW (ExtendedDH)
273,1.01325,0.012898544,Morey_Fournier_Rowe_1962,L,1013.25,Morey_Fournier_Rowe_1962 (L),True,0.010071998828300729,0.002826545171699271,28.06339853572187,PerplexDEW (ExtendedDH)
297,1.01325,0.014812522,Morey_Fournier_Rowe_1962,L,1013.25,Morey_Fournier_Rowe_1962 (L),True,0.013117186790871389,0.0016953352091286112,12.924533561635652,PerplexDEW (ExtendedDH)
300,1.01325,0.01531182,Morey_Fournier_Rowe_1962,L,1013.25,Morey_Fournier_Rowe_1962 (L),True,0.0135402556770997,0.0017715643229003,13.083684423304524,PerplexDEW (ExtendedDH)
300,1.01325,0.015378393,Morey_Fournier_Rowe_1962,L,1013.25,Morey_Fournier_Rowe_1962 (L),True,0.0135402556770997,0.0018381373229003004,13.575351653138254,PerplexDEW (ExtendedDH)
394,1.25,0.031455805,Kennedy_1950,2phase,1250.0,Kennedy_1950 (2phase),True,0.03377767037648608,-0.0023218653764860778,-6.873965405566917,PerplexDEW (ExtendedDH)
427,1.5,0.039943879,Kennedy_1950,2phase,1500.0,Kennedy_1950 (2phase),True,0.04645149352678792,-0.006507614526787921,-14.009483942717731,PerplexDEW (ExtendedDH)
429,1.5,0.045103297,Kennedy_1950,2phase,1500.0,Kennedy_1950 (2phase),True,0.04714592523419773,-0.0020426282341977284,-4.332565802985004,PerplexDEW (ExtendedDH)
442,1.5,0.046101894,Kennedy_1950,2phase,1500.0,Kennedy_1950 (2phase),True,0.05178140621518695,-0.005679512215186949,-10.968246384782821,PerplexDEW (ExtendedDH)
413,1.75,0.042440371,Kennedy_1950,2phase,1750.0,Kennedy_1950 (2phase),True,0.04403740190111054,-0.0015970309011105396,-3.6265329746218877,PerplexDEW (ExtendedDH)
435,1.75,0.050928446,Kennedy_1950,2phase,1750.0,Kennedy_1950 (2phase),True,0.05238831622895105,-0.0014598702289510476,-2.7866332305299175,PerplexDEW (ExtendedDH)
200,2.0,0.005888437,Hemley_1980,table2_-log_mol_per_L_approx,2000.0,Hemley_1980 (table2_-log_mol_per_L_approx),True,0.004392416798230266,0.0014960202017697335,34.0591585564578,PerplexDEW (ExtendedDH)
250,2.0,0.010964782,Hemley_1980,table2_-log_mol_per_L_approx,2000.0,Hemley_1980 (table2_-log_mol_per_L_approx),True,0.008496732156720201,0.0024680498432797984,29.047047709133427,PerplexDEW (ExtendedDH)
300,2.0,0.018197009,Hemley_1980,table2_-log_mol_per_L_approx,2000.0,Hemley_1980 (table2_-log_mol_per_L_approx),True,0.015325895557973973,0.0028711134420260267,18.733740101290216,PerplexDEW (ExtendedDH)
350,2.0,0.028840315,Hemley_1980,table2_-log_mol_per_L_approx,2000.0,Hemley_1980 (table2_-log_mol_per_L_approx),True,0.025910774629960012,0.002929540370039986,11.3062631738251,PerplexDEW (ExtendedDH)
350,2.0,0.030549211,Walther_Orville_1983,extraction_quench_logm,2000.0,Walther_Orville_1983 (extraction_quench_logm),True,0.025910774629960012,0.0046384363700399875,17.901573520216854,PerplexDEW (ExtendedDH)
400,2.0,0.040738028,Hemley_1980,table2_-log_mol_per_L_approx,2000.0,Hemley_1980 (table2_-log_mol_per_L_approx),True,0.04121994393207533,-0.00048191593207532607,-1.1691329150506748,PerplexDEW (ExtendedDH)
400,2.0,0.040550854,Walther_Orville_1983,extraction_quench_logm,2000.0,Walther_Orville_1983 (extraction_quench_logm),True,0.04121994393207533,-0.0006690899320753313,-1.623218928142885,PerplexDEW (ExtendedDH)
400,2.0,0.040364539,Walther_Orville_1983,extraction_quench_logm,2000.0,Walther_Orville_1983 (extraction_quench_logm),True,0.04121994393207533,-0.0008554049320753307,-2.075220998565446,PerplexDEW (ExtendedDH)
400,2.0,0.040831939,Walther_Orville_1983,extraction_quench_logm,2000.0,Walther_Orville_1983 (extraction_quench_logm),True,0.04121994393207533,-0.00038800493207533093,-0.9413038812345512,PerplexDEW (ExtendedDH)
425,2.0,0.047863009,Walther_Orville_1983,extraction_quench_logm,2000.0,Walther_Orville_1983 (extraction_quench_logm),True,0.050866586514833244,-0.003003577514833246,-5.904814379391017,PerplexDEW (ExtendedDH)
450,2.0,0.054954087,Hemley_1980,table2_-log_mol_per_L_approx,2000.0,Hemley_1980 (table2_-log_mol_per_L_approx),True,0.06189205535189425,-0.0069379683518942525,-11.209788255451612,PerplexDEW (ExtendedDH)
450,2.0,0.058210322,Walther_Orville_1983,extraction_quench_logm,2000.0,Walther_Orville_1983 (extraction_quench_logm),True,0.06189205535189425,-0.0036817333518942494,-5.948636429928429,PerplexDEW (ExtendedDH)
450,2.0,0.056104798,Walther_Orville_1983,extraction_quench_logm,2000.0,Walther_Orville_1983 (extraction_quench_logm),True,0.06189205535189425,-0.005787257351894254,-9.350565785851108,PerplexDEW (ExtendedDH)
475,2.0,0.062805836,Walther_Orville_1983,extraction_quench_logm,2000.0,Walther_Orville_1983 (extraction_quench_logm),True,0.07427978031270473,-0.011473944312704723,-15.446928173994925,PerplexDEW (ExtendedDH)
500,2.0,0.075857758,Hemley_1980,table2_-log_mol_per_L_approx,2000.0,Hemley_1980 (table2_-log_mol_per_L_approx),True,0.08796580159757987,-0.012108043597579873,-13.76448958308929,PerplexDEW (ExtendedDH)
500,2.0,0.069502432,Walther_Orville_1983,extraction_quench_logm,2000.0,Walther_Orville_1983 (extraction_quench_logm),True,0.08796580159757987,-0.018463369597579868,-20.989258623532894,PerplexDEW (ExtendedDH)
500,2.0,0.071614341,Walther_Orville_1983,extraction_quench_logm,2000.0,Walther_Orville_1983 (extraction_quench_logm),True,0.08796580159757987,-0.016351460597579873,-18.588429026524935,PerplexDEW (ExtendedDH)
525,2.0,0.083752928,Walther_Orville_1983,extraction_quench_logm,2000.0,Walther_Orville_1983 (extraction_quench_logm),True,0.10284230259486872,-0.019089374594868716,-18.561792290929485,PerplexDEW (ExtendedDH)
525,2.0,0.077983011,Walther_Orville_1983,extraction_quench_logm,2000.0,Walther_Orville_1983 (extraction_quench_logm),True,0.10284230259486872,-0.024859291594868715,-24.17224329641668,PerplexDEW (ExtendedDH)
525,2.0,0.082413812,Walther_Orville_1983,extraction_quench_logm,2000.0,Walther_Orville_1983 (extraction_quench_logm),True,0.10284230259486872,-0.020428490594868717,-19.863898492572247,PerplexDEW (ExtendedDH)
525,2.0,0.079799469,Walther_Orville_1983,extraction_quench_logm,2000.0,Walther_Orville_1983 (extraction_quench_logm),True,0.10284230259486872,-0.023042833594868722,-22.405987627136653,PerplexDEW (ExtendedDH)
550,2.0,0.088104887,Walther_Orville_1983,extraction_quench_logm,2000.0,Walther_Orville_1983 (extraction_quench_logm),True,0.11876763394498145,-0.030662746944981445,-25.817426790859383,PerplexDEW (ExtendedDH)
700,2.0,0.139,Newton_Manning_2000,weight_loss_quench,2000.0,Newton_Manning_2000 (weight_loss_quench),True,0.2286503051061821,-0.08965030510618208,-39.208478232534915,PerplexDEW (ExtendedDH)
600,4.35,0.219,Newton_Manning_2000,weight_loss_quench,4350.0,Newton_Manning_2000 (weight_loss_quench),True,0.2503605712534684,-0.03136057125346839,-12.526162205357219,PerplexDEW (ExtendedDH)
700,4.35,0.377,Newton_Manning_2000,weight_loss_quench,4350.0,Newton_Manning_2000 (weight_loss_quench),True,0.44515112532234696,-0.06815112532234696,-15.309660348043991,PerplexDEW (ExtendedDH)
750,4.35,0.458,Newton_Manning_2000,weight_loss_quench,4350.0,Newton_Manning_2000 (weight_loss_quench),True,0.5724268173140852,-0.11442681731408516,-19.989772291066554,PerplexDEW (ExtendedDH)
500,5.0,0.131,Manning_1994,SC,5000.0,Manning_1994 (SC),True,0.13152242116728222,-0.000522421167282211,-0.3972107285173439,PerplexDEW (ExtendedDH)
600,5.0,0.228,Manning_1994,SC,5000.0,Manning_1994 (SC),True,0.26820561857361835,-0.040205618573618346,-14.990595196119099,PerplexDEW (ExtendedDH)
600,5.0,0.269,Manning_1994,CQ,5000.0,Manning_1994 (CQ),True,0.26820561857361835,0.0007943814263816629,0.2961837379121188,PerplexDEW (ExtendedDH)
700,5.0,0.51,Manning_1994,SC,5000.0,Manning_1994 (SC),True,0.4844579961651571,0.025542003834842897,5.272284498764954,PerplexDEW (ExtendedDH)
800,5.0,0.602,Manning_1994,SC,5000.0,Manning_1994 (SC),True,0.8041593684719778,-0.2021593684719778,-25.13921697587266,PerplexDEW (ExtendedDH)
800,5.0,0.609,Manning_1994,SC,5000.0,Manning_1994 (SC),True,0.8041593684719778,-0.1951593684719778,-24.268742754661872,PerplexDEW (ExtendedDH)
800,5.0,0.623,Manning_1994,SC,5000.0,Manning_1994 (SC),True,0.8041593684719778,-0.18115936847197778,-22.527794312240303,PerplexDEW (ExtendedDH)
800,6.5,0.759,Manning_1994,CQ,6500.0,Manning_1994 (CQ),True,0.9674932189999795,-0.20849321899997952,-21.54983775653563,PerplexDEW (ExtendedDH)
700,7.0,0.513,Manning_1994,CQ,7000.0,Manning_1994 (CQ),True,0.5845429614855584,-0.07154296148555839,-12.239128036669706,PerplexDEW (ExtendedDH)
500,7.5,0.147,Manning_1994,SC,7500.0,Manning_1994 (SC),True,0.15552620472285988,-0.008526204722859893,-5.482166004149059,PerplexDEW (ExtendedDH)
600,7.5,0.345,Manning_1994,SC,7500.0,Manning_1994 (SC),True,0.324937993292103,0.020062006707896984,6.174103097221457,PerplexDEW (ExtendedDH)
800,7.5,0.843,Manning_1994,CQ,7500.0,Manning_1994 (CQ),True,1.0639088372940344,-0.22090883729403443,-20.76388780225739,PerplexDEW (ExtendedDH)
800,7.5,1.057,Manning_1994,CQ,7500.0,Manning_1994 (CQ),True,1.0639088372940344,-0.0069088372940344644,-0.649382451940763,PerplexDEW (ExtendedDH)
900,8.0,0.655,Manning_1994,CQ,8000.0,Manning_1994 (CQ),True,2.039375652648765,-1.384375652648765,-67.88232716472424,PerplexDEW (ExtendedDH)
900,8.0,0.661,Manning_1994,CQ,8000.0,Manning_1994 (CQ),True,2.039375652648765,-1.378375652648765,-67.58811947463012,PerplexDEW (ExtendedDH)
700,8.8,0.43,Manning_1994,CQ,8800.0,Manning_1994 (CQ),True,0.6597639060795163,-0.2297639060795163,-34.82517063487626,PerplexDEW (ExtendedDH)
700,8.8,0.555,Manning_1994,CQ,8800.0,Manning_1994 (CQ),True,0.6597639060795163,-0.10476390607951624,-15.8789993078054,PerplexDEW (ExtendedDH)
700,8.8,0.642,Manning_1994,CQ,8800.0,Manning_1994 (CQ),True,0.6597639060795163,-0.01776390607951628,-2.6924640641640876,PerplexDEW (ExtendedDH)
700,8.8,0.658,Manning_1994,CQ,8800.0,Manning_1994 (CQ),True,0.6597639060795163,-0.0017639060795162642,-0.26735413429901606,PerplexDEW (ExtendedDH)
700,8.8,0.658,Manning_1994,CQ,8800.0,Manning_1994 (CQ),True,0.6597639060795163,-0.0017639060795162642,-0.26735413429901606,PerplexDEW (ExtendedDH)
700,8.8,0.662,Manning_1994,CQ,8800.0,Manning_1994 (CQ),True,0.6597639060795163,0.0022360939204837393,0.33892334816725184,PerplexDEW (ExtendedDH)
900,9.0,0.917,Manning_1994,CQ,9000.0,Manning_1994 (CQ),True,2.2815740097238453,-1.3645740097238452,-59.80844819883836,PerplexDEW (ExtendedDH)
500,10.0,0.171,Manning_1994,SC,10000.0,Manning_1994 (SC),True,0.17664697049028205,-0.005646970490282038,-3.1967547898551123,PerplexDEW (ExtendedDH)
500,10.0,0.173,Manning_1994,SC,10000.0,Manning_1994 (SC),True,0.17664697049028205,-0.0036469704902820643,-2.0645530914908594,PerplexDEW (ExtendedDH)
500,10.0,0.171,Newton_Manning_2000,weight_loss_quench,10000.0,Newton_Manning_2000 (weight_loss_quench),True,0.17664697049028205,-0.005646970490282038,-3.1967547898551123,PerplexDEW (ExtendedDH)
600,10.0,0.426,Manning_1994,SC,10000.0,Manning_1994 (SC),True,0.3725337280927423,0.05346627190725767,14.352062075288718,PerplexDEW (ExtendedDH)
600,10.0,0.353,Newton_Manning_2000,weight_loss_quench,10000.0,Newton_Manning_2000 (weight_loss_quench),True,0.3725337280927423,-0.019533728092742342,-5.243479078457942,PerplexDEW (ExtendedDH)
700,10.0,0.684,Newton_Manning_2000,weight_loss_quench,10000.0,Newton_Manning_2000 (weight_loss_quench),True,0.7055753020206217,-0.021575302020621634,-3.0578312419431963,PerplexDEW (ExtendedDH)
800,10.0,0.666,Manning_1994,CQ,10000.0,Manning_1994 (CQ),True,1.2798616400445273,-0.6138616400445273,-47.96312514086839,PerplexDEW (ExtendedDH)
800,10.0,1.248,Newton_Manning_2000,weight_loss_quench,10000.0,Newton_Manning_2000 (weight_loss_quench),True,1.2798616400445273,-0.031861640044527295,-2.4894597234290736,PerplexDEW (ExtendedDH)
850,10.0,1.685,Newton_Manning_2000,weight_loss_quench,10000.0,Newton_Manning_2000 (weight_loss_quench),True,1.7597639656871062,-0.07476396568710619,-4.248522366913811,PerplexDEW (ExtendedDH)
900,10.0,1.023,Manning_1994,CQ,10000.0,Manning_1994 (CQ),True,2.520626547689956,-1.4976265476899562,-59.41485259141087,PerplexDEW (ExtendedDH)
900,10.0,1.038,Manning_1994,CQ,10000.0,Manning_1994 (CQ),True,2.520626547689956,-1.482626547689956,-58.81976245345501,PerplexDEW (ExtendedDH)
900,10.0,1.232,Manning_1994,CQ,10000.0,Manning_1994 (CQ),True,2.520626547689956,-1.288626547689956,-51.12326333589265,PerplexDEW (ExtendedDH)
900,10.0,2.39,Newton_Manning_2000,weight_loss_quench,10000.0,Newton_Manning_2000 (weight_loss_quench),True,2.520626547689956,-0.13062654768995596,-5.182304685700842,PerplexDEW (ExtendedDH)
700,12.0,0.654,Manning_1994,SC,12000.0,Manning_1994 (SC),True,0.777120769091375,-0.12312076909137493,-15.843196320094515,PerplexDEW (ExtendedDH)
500,12.5,0.18,Manning_1994,SC,12500.0,Manning_1994 (SC),True,0.19655127814768583,-0.01655127814768584,-8.420844831774355,PerplexDEW (ExtendedDH)
600,12.5,0.34,Manning_1994,SC,12500.0,Manning_1994 (SC),True,0.41609014598146316,-0.07609014598146313,-18.28693775046837,PerplexDEW (ExtendedDH)
600,12.5,0.37,Manning_1994,SC,12500.0,Manning_1994 (SC),True,0.41609014598146316,-0.04609014598146316,-11.07696166962735,PerplexDEW (ExtendedDH)
500,15.0,0.216,Manning_1994,SC,15000.0,Manning_1994 (SC),True,0.21586417661372115,0.00013582338627884938,0.06292076268027509,PerplexDEW (ExtendedDH)
600,15.0,0.41,Manning_1994,SC,15000.0,Manning_1994 (SC),True,0.4575179189226488,-0.04751791892264884,-10.3860235757635,PerplexDEW (ExtendedDH)
700,15.0,0.678,Manning_1994,SC,15000.0,Manning_1994 (SC),True,0.877432918904568,-0.19943291890456794,-22.729135710288848,PerplexDEW (ExtendedDH)
700,15.0,0.843,Newton_Manning_2000,weight_loss_quench,15000.0,Newton_Manning_2000 (weight_loss_quench),True,0.877432918904568,-0.03443291890456801,-3.9242793565980887,PerplexDEW (ExtendedDH)
500,17.5,0.23,Manning_1994,SC,17500.0,Manning_1994 (SC),True,0.2348512724647061,-0.004851272464706097,-2.065678594709405,PerplexDEW (ExtendedDH)
600,17.5,0.433,Manning_1994,SC,17500.0,Manning_1994 (SC),True,0.4976612486852098,-0.06466124868520978,-12.993024643980378,PerplexDEW (ExtendedDH)
700,17.5,0.58,Manning_1994,SC,17500.0,Manning_1994 (SC),True,0.957076292154986,-0.37707629215498606,-39.39877053123404,PerplexDEW (ExtendedDH)
500,20.0,0.23,Manning_1994,SC,20000.0,Manning_1994 (SC),True,0.2536205601366867,-0.023620560136686702,-9.31334593849828,PerplexDEW (ExtendedDH)
600,20.0,0.492,Manning_1994,SC,20000.0,Manning_1994 (SC),True,0.5369088521416387,-0.044908852141638755,-8.364334460589527,PerplexDEW (ExtendedDH)
200,,0.004677351,Hemley_1980,table2_-log_mol_per_L_approx,,Hemley_1980 (table2_-log_mol_per_L_approx),True,0.0035752360944968126,0.0011021149055031871,30.82635317985347,PerplexDEW (ExtendedDH)
250,,0.007585776,Hemley_1980,table2_-log_mol_per_L_approx,,Hemley_1980 (table2_-log_mol_per_L_approx),True,0.006571243468337388,0.0010145325316626118,15.438973408168394,PerplexDEW (ExtendedDH)
300,,0.011220185,Hemley_1980,table2_-log_mol_per_L_approx,,Hemley_1980 (table2_-log_mol_per_L_approx),True,0.010744462278307639,0.0004757227216923617,4.427608468157728,PerplexDEW (ExtendedDH)
350,,0.012589254,Hemley_1980,table2_-log_mol_per_L_approx,,Hemley_1980 (table2_-log_mol_per_L_approx),True,1.5999132150500554e-07,0.012589094008678494,7868610.553532198,PerplexDEW (ExtendedDH)
