T_C,P_kbar,molality_m,reference,experiment_type,P_bar,experiment_id,is_psat,predicted_m,abs_diff,rel_diff_pct,backend
320,0.2,0.013314626,Kennedy_1950,3phase,200.0,Kennedy_1950 (3phase),False,0.013058882177562386,0.0002557438224376138,1.9583898450131494,"PerplexDEW (Davies, activity=DEW)"
337,0.2,0.013314626,Kennedy_1950,3phase,200.0,Kennedy_1950 (3phase),False,0.014343618835461194,-0.0010289928354611944,-7.173871860825343,"PerplexDEW (Davies, activity=DEW)"
350,0.2,0.013314626,Kennedy_1950,3phase,200.0,Kennedy_1950 (3phase),False,2.2523348645790162e-07,0.013314400766513542,5911377.111769807,"PerplexDEW (Davies, activity=DEW)"
360,0.2,0.011650298,Kennedy_1950,3phase,200.0,Kennedy_1950 (3phase),False,1.739884817945629e-07,0.011650124011518206,6695916.816651176,"PerplexDEW (Davies, activity=DEW)"
365,0.2,0.010568485,Kennedy_1950,3phase,200.0,Kennedy_1950 (3phase),False,1.5148609506033848e-07,0.01056833351390494,6976438.008845275,"PerplexDEW (Davies, activity=DEW)"
368,0.2,0.007739127,Kennedy_1950,3phase,200.0,Kennedy_1950 (3phase),False,1.390468819114526e-07,0.007738987953118089,5565740.020007359,"PerplexDEW (Davies, activity=DEW)"
326,0.25,0.013647492,Kennedy_1950,2phase,250.0,Kennedy_1950 (2phase),False,0.013977879415704041,-0.00033038741570404033,-2.3636447695553344,"PerplexDEW (Davies, activity=DEW)"
336,0.25,0.014313223,Kennedy_1950,2phase,250.0,Kennedy_1950 (2phase),False,0.014854030322918406,-0.0005408073229184063,-3.640812029877105,"PerplexDEW (Davies, activity=DEW)"
358,0.25,0.014479656,Kennedy_1950,2phase,250.0,Kennedy_1950 (2phase),False,7.863384158935524e-06,0.014471792615841065,184040.25955410182,"PerplexDEW (Davies, activity=DEW)"
369,0.25,0.012648895,Kennedy_1950,2phase,250.0,Kennedy_1950 (2phase),False,6.705531090725263e-06,0.012642189468909276,188533.75367083578,"PerplexDEW (Davies, activity=DEW)"
374,0.25,0.009819537,Kennedy_1950,2phase,250.0,Kennedy_1950 (2phase),False,6.209290010533791e-06,0.009813327709989467,158042.66982765472,"PerplexDEW (Davies, activity=DEW)"
375,0.25,0.010152403,Kennedy_1950,2phase,250.0,Kennedy_1950 (2phase),False,6.112727543932625e-06,0.010146290272456069,165986.29988878008,"PerplexDEW (Davies, activity=DEW)"
380,0.25,0.00765591,Kennedy_1950,2phase,250.0,Kennedy_1950 (2phase),False,5.641493067734203e-06,0.007650268506932266,135607.15957778975,"PerplexDEW (Davies, activity=DEW)"
389,0.25,0.002662925,Kennedy_1950,2phase,250.0,Kennedy_1950 (2phase),False,4.853457253548001e-06,0.002658071542746452,54766.55925635966,"PerplexDEW (Davies, activity=DEW)"
300,0.3,0.012815328,Kennedy_1950,2phase,300.0,Kennedy_1950 (2phase),False,0.011594325362021584,0.0012210026379784172,10.531036518760619,"PerplexDEW (Davies, activity=DEW)"
300,0.3,0.012815328,Kennedy_1950,2phase,300.0,Kennedy_1950 (2phase),False,0.011594325362021584,0.0012210026379784172,10.531036518760619,"PerplexDEW (Davies, activity=DEW)"
325,0.3,0.014646089,Kennedy_1950,2phase,300.0,Kennedy_1950 (2phase),False,0.014240684941118057,0.00040540405888194256,2.8468016851590687,"PerplexDEW (Davies, activity=DEW)"
341,0.3,0.015145387,Kennedy_1950,2phase,300.0,Kennedy_1950 (2phase),False,0.015803684252074623,-0.0006582972520746237,-4.165466998546279,"PerplexDEW (Davies, activity=DEW)"
355,0.3,0.016143984,Kennedy_1950,2phase,300.0,Kennedy_1950 (2phase),False,0.01683360959711958,-0.0006896255971195787,-4.09671849130671,"PerplexDEW (Davies, activity=DEW)"
360,0.3,0.016143984,Kennedy_1950,2phase,300.0,Kennedy_1950 (2phase),False,0.01704845215748264,-0.0009044681574826401,-5.305280204488623,"PerplexDEW (Davies, activity=DEW)"
372,0.3,0.014812522,Kennedy_1950,2phase,300.0,Kennedy_1950 (2phase),False,7.076858019775456e-05,0.014741753419802245,20830.930023759316,"PerplexDEW (Davies, activity=DEW)"
381,0.3,0.012981761,Kennedy_1950,2phase,300.0,Kennedy_1950 (2phase),False,6.453380290206017e-05,0.01291722719709794,20016.218812800773,"PerplexDEW (Davies, activity=DEW)"
385,0.3,0.012149596,Kennedy_1950,2phase,300.0,Kennedy_1950 (2phase),False,6.181600328875068e-05,0.01208777999671125,19554.450876171402,"PerplexDEW (Davies, activity=DEW)"
390,0.3,0.010568485,Kennedy_1950,2phase,300.0,Kennedy_1950 (2phase),False,5.8489187210223115e-05,0.010509995812789778,17969.12611388242,"PerplexDEW (Davies, activity=DEW)"
391,0.3,0.010152403,Kennedy_1950,2phase,300.0,Kennedy_1950 (2phase),False,5.783307788907263e-05,0.010094569922110929,17454.664857147895,"PerplexDEW (Davies, activity=DEW)"
397,0.3,0.007988776,Kennedy_1950,2phase,300.0,Kennedy_1950 (2phase),False,5.396844397534404e-05,0.007934807556024655,14702.679883914649,"PerplexDEW (Davies, activity=DEW)"
408,0.3,0.004826552,Kennedy_1950,2phase,300.0,Kennedy_1950 (2phase),False,4.724831333542677e-05,0.004779303686664573,10115.289518876967,"PerplexDEW (Davies, activity=DEW)"
348,0.35,0.016143984,Kennedy_1950,2phase,350.0,Kennedy_1950 (2phase),False,0.016992299540724905,-0.0008483155407249046,-4.992352793050603,"PerplexDEW (Davies, activity=DEW)"
366,0.35,0.017309014,Kennedy_1950,2phase,350.0,Kennedy_1950 (2phase),False,0.01830515810961084,-0.0009961441096108387,-5.44187656640796,"PerplexDEW (Davies, activity=DEW)"
385,0.35,0.015811119,Kennedy_1950,2phase,350.0,Kennedy_1950 (2phase),False,0.0003414075030808575,0.015469711496919142,4531.157445961391,"PerplexDEW (Davies, activity=DEW)"
392,0.35,0.013647492,Kennedy_1950,2phase,350.0,Kennedy_1950 (2phase),False,0.0003197030493847016,0.013327788950615298,4168.802573596303,"PerplexDEW (Davies, activity=DEW)"
400,0.35,0.012648895,Kennedy_1950,2phase,350.0,Kennedy_1950 (2phase),False,0.0002965419441761321,0.012352353055823868,4165.465728681926,"PerplexDEW (Davies, activity=DEW)"
420,0.35,0.008071992,Kennedy_1950,2phase,350.0,Kennedy_1950 (2phase),False,0.0002445953469244288,0.007827396653075571,3200.141274761844,"PerplexDEW (Davies, activity=DEW)"
428,0.35,0.006574097,Kennedy_1950,2phase,350.0,Kennedy_1950 (2phase),False,0.00022587829075575006,0.00634821870924425,2810.4598666849292,"PerplexDEW (Davies, activity=DEW)"
361,0.4,0.017808313,Kennedy_1950,2phase,400.0,Kennedy_1950 (2phase),False,0.01882672886633486,-0.0010184158663348597,-5.409414846123092,"PerplexDEW (Davies, activity=DEW)"
392,0.4,0.016976149,Kennedy_1950,2phase,400.0,Kennedy_1950 (2phase),False,0.0012923785537856212,0.015683770446214378,1213.5585506486198,"PerplexDEW (Davies, activity=DEW)"
407,0.4,0.015644686,Kennedy_1950,2phase,400.0,Kennedy_1950 (2phase),False,0.0010459904756400674,0.014598695524359934,1395.6814965668432,"PerplexDEW (Davies, activity=DEW)"
430,0.4,0.01090135,Kennedy_1950,2phase,400.0,Kennedy_1950 (2phase),False,0.0008298114965457877,0.010071538503454214,1213.7140236521755,"PerplexDEW (Davies, activity=DEW)"
453,0.4,0.00765591,Kennedy_1950,2phase,400.0,Kennedy_1950 (2phase),False,0.0006764514815715128,0.006979458518428488,1031.7751839664847,"PerplexDEW (Davies, activity=DEW)"
317,0.5,0.014479656,Kennedy_1950,2phase,500.0,Kennedy_1950 (2phase),False,0.014358755410920515,0.00012090058907948502,0.8419990843185085,"PerplexDEW (Davies, activity=DEW)"
343,0.5,0.017475447,Kennedy_1950,2phase,500.0,Kennedy_1950 (2phase),False,0.017782039575394502,-0.00030659257539450077,-1.7241699080387907,"PerplexDEW (Davies, activity=DEW)"
368,0.5,0.019639074,Kennedy_1950,2phase,500.0,Kennedy_1950 (2phase),False,0.020939710481524782,-0.0013006364815247827,-6.211339372014438,"PerplexDEW (Davies, activity=DEW)"
380,0.5,0.019639074,Kennedy_1950,2phase,500.0,Kennedy_1950 (2phase),False,0.022182066458474987,-0.002542992458474988,-11.464181947319881,"PerplexDEW (Davies, activity=DEW)"
395,0.5,0.019805507,Kennedy_1950,2phase,500.0,Kennedy_1950 (2phase),False,0.023149384043426223,-0.003343877043426223,-14.44477761115977,"PerplexDEW (Davies, activity=DEW)"
396,0.5,0.019639074,Kennedy_1950,2phase,500.0,Kennedy_1950 (2phase),False,0.023178590995795233,-0.003539516995795234,-15.27063054193988,"PerplexDEW (Davies, activity=DEW)"
423,0.5,0.018474044,Kennedy_1950,2phase,500.0,Kennedy_1950 (2phase),False,0.01999271539966406,-0.0015186713996640615,-7.596123734595752,"PerplexDEW (Davies, activity=DEW)"
438,0.5,0.01647685,Kennedy_1950,2phase,500.0,Kennedy_1950 (2phase),False,0.0061308028830550825,0.01034604711694492,168.7551747184752,"PerplexDEW (Davies, activity=DEW)"
455,0.5,0.015395037,Kennedy_1950,2phase,500.0,Kennedy_1950 (2phase),False,0.004328431440832541,0.011066605559167459,255.67242338113323,"PerplexDEW (Davies, activity=DEW)"
475,0.5,0.013397843,Kennedy_1950,2phase,500.0,Kennedy_1950 (2phase),False,0.0035547406502392394,0.00984310234976076,276.9007170494507,"PerplexDEW (Davies, activity=DEW)"
506,0.5,0.011067783,Kennedy_1950,2phase,500.0,Kennedy_1950 (2phase),False,0.0028687446499310923,0.008199038350068907,285.8057914030741,"PerplexDEW (Davies, activity=DEW)"
511,0.5,0.010734917,Kennedy_1950,2phase,500.0,Kennedy_1950 (2phase),False,0.00278156381797604,0.00795335318202396,285.93099790214734,"PerplexDEW (Davies, activity=DEW)"
540,0.5,0.009819537,Kennedy_1950,2phase,500.0,Kennedy_1950 (2phase),False,0.00234327734507124,0.0074762596549287595,319.051420466896,"PerplexDEW (Davies, activity=DEW)"
401,0.6,0.02296773,Kennedy_1950,2phase,600.0,Kennedy_1950 (2phase),False,0.02621971858850631,-0.0032519885885063105,-12.402835589287575,"PerplexDEW (Davies, activity=DEW)"
410,0.6,0.022634865,Kennedy_1950,2phase,600.0,Kennedy_1950 (2phase),False,0.026867199644126465,-0.004232334644126465,-15.752794113962342,"PerplexDEW (Davies, activity=DEW)"
442,0.6,0.022301999,Kennedy_1950,2phase,600.0,Kennedy_1950 (2phase),False,0.025000696313670828,-0.002698697313670829,-10.794488600684025,"PerplexDEW (Davies, activity=DEW)"
478,0.6,0.019139775,Kennedy_1950,2phase,600.0,Kennedy_1950 (2phase),False,0.012370270308654258,0.006769504691345744,54.723983570591734,"PerplexDEW (Davies, activity=DEW)"
506,0.6,0.01764188,Kennedy_1950,2phase,600.0,Kennedy_1950 (2phase),False,0.00930062081069332,0.008341259189306678,89.6849722086979,"PerplexDEW (Davies, activity=DEW)"
507,0.6,0.017808313,Kennedy_1950,2phase,600.0,Kennedy_1950 (2phase),False,0.009239263142395709,0.00856904985760429,92.74603099335869,"PerplexDEW (Davies, activity=DEW)"
545,0.6,0.016643283,Kennedy_1950,2phase,600.0,Kennedy_1950 (2phase),False,0.007641531165314275,0.009001751834685722,117.80036801453657,"PerplexDEW (Davies, activity=DEW)"
605,0.6,0.016310417,Kennedy_1950,2phase,600.0,Kennedy_1950 (2phase),False,0.0061396764574720855,0.010170740542527916,165.65596921886592,"PerplexDEW (Davies, activity=DEW)"
330,0.75,0.017309014,Kennedy_1950,2phase,750.0,Kennedy_1950 (2phase),False,0.017272431198033067,3.6582801966934114e-05,0.21179879976074276,"PerplexDEW (Davies, activity=DEW)"
355,0.75,0.020471238,Kennedy_1950,2phase,750.0,Kennedy_1950 (2phase),False,0.02139374714957577,-0.0009225091495757703,-4.312050353432654,"PerplexDEW (Davies, activity=DEW)"
378,0.75,0.023966327,Kennedy_1950,2phase,750.0,Kennedy_1950 (2phase),False,0.025403907831611,-0.0014375808316109996,-5.658896423101353,"PerplexDEW (Davies, activity=DEW)"
410,0.75,0.025630656,Kennedy_1950,2phase,750.0,Kennedy_1950 (2phase),False,0.03069966634221519,-0.005069010342215189,-16.511613793159633,"PerplexDEW (Davies, activity=DEW)"
436,0.75,0.026629253,Kennedy_1950,2phase,750.0,Kennedy_1950 (2phase),False,0.03377922702238846,-0.0071499740223884625,-21.166778084204076,"PerplexDEW (Davies, activity=DEW)"
449,0.75,0.02646282,Kennedy_1950,2phase,750.0,Kennedy_1950 (2phase),False,0.03447011108485357,-0.008007291084853572,-23.229664288410245,"PerplexDEW (Davies, activity=DEW)"
504,0.75,0.027211767,Kennedy_1950,2phase,750.0,Kennedy_1950 (2phase),False,0.028105199540380283,-0.0008934325403802817,-3.1788870208754014,"PerplexDEW (Davies, activity=DEW)"
553,0.75,0.02762785,Kennedy_1950,2phase,750.0,Kennedy_1950 (2phase),False,0.022009201975935956,0.005618648024064043,25.52863129797829,"PerplexDEW (Davies, activity=DEW)"
559,0.75,0.027794282,Kennedy_1950,2phase,750.0,Kennedy_1950 (2phase),False,0.021635529733747026,0.0061587522662529745,28.465918524040454,"PerplexDEW (Davies, activity=DEW)"
69,0.000293842,0.000382796,Morey_Fournier_Rowe_1962,3phase,0.293842,Morey_Fournier_Rowe_1962 (3phase),True,0.0004417937277818515,-5.899772778185147e-05,-13.354134310160084,"PerplexDEW (Davies, activity=DEW)"
84,0.000557288,0.00014979,Morey_Fournier_Rowe_1962,3phase,0.557288,Morey_Fournier_Rowe_1962 (3phase),True,0.0005822236595413652,-0.0004324336595413652,-74.27277343590022,"PerplexDEW (Davies, activity=DEW)"
84,0.000658613,4.99e-05,Morey_Fournier_Rowe_1962,3phase,0.658613,Morey_Fournier_Rowe_1962 (3phase),True,0.0005822309023025679,-0.000532330902302568,-91.42951708632111,"PerplexDEW (Davies, activity=DEW)"
136,0.003141075,0.001647685,Morey_Fournier_Rowe_1962,3phase,3.1410750000000003,Morey_Fournier_Rowe_1962 (3phase),True,0.0014090575921440198,0.00023862740785598026,16.9352487213021,"PerplexDEW (Davies, activity=DEW)"
136,0.003141075,0.001664328,Morey_Fournier_Rowe_1962,3phase,3.1410750000000003,Morey_Fournier_Rowe_1962 (3phase),True,0.0014090575921440198,0.00025527040785598026,18.116392777640918,"PerplexDEW (Davies, activity=DEW)"
160,0.0062,0.00116503,Kennedy_1950,3phase,6.2,Kennedy_1950 (3phase),True,0.002038015862854304,-0.0008729858628543038,-42.83508675107466,"PerplexDEW (Davies, activity=DEW)"
182,0.0111,0.002829358,Kennedy_1950,3phase,11.1,Kennedy_1950 (3phase),True,0.0027988470761279864,3.05109238720137e-05,1.0901247207197713,"PerplexDEW (Davies, activity=DEW)"
190,0.0125643,0.003927815,Morey_Fournier_Rowe_1962,3phase,12.564300000000001,Morey_Fournier_Rowe_1962 (3phase),True,0.0031375051612988845,0.0007903098387011158,25.18911676862193,"PerplexDEW (Davies, activity=DEW)"
200,0.0155,0.003994388,Kennedy_1950,3phase,15.5,Kennedy_1950 (3phase),True,0.0035740545516292303,0.0004203334483707695,11.760689220010947,"PerplexDEW (Davies, activity=DEW)"
219,0.022798125,0.003461803,Morey_Fournier_Rowe_1962,3phase,22.798125,Morey_Fournier_Rowe_1962 (3phase),True,0.004559683055538896,-0.0010978800555388958,-24.07799055693665,"PerplexDEW (Davies, activity=DEW)"
219,0.022798125,0.005292564,Morey_Fournier_Rowe_1962,3phase,22.798125,Morey_Fournier_Rowe_1962 (3phase),True,0.004559683055538896,0.0007328809444611039,16.07306770085332,"PerplexDEW (Davies, activity=DEW)"
219,0.022798125,0.00552557,Morey_Fournier_Rowe_1962,3phase,22.798125,Morey_Fournier_Rowe_1962 (3phase),True,0.004559683055538896,0.0009658869444611039,21.183203584463804,"PerplexDEW (Davies, activity=DEW)"
222,0.025,0.005991582,Kennedy_1950,3phase,25.0,Kennedy_1950 (3phase),True,0.0047325756627208965,0.001259006337279103,26.602983808509535,"PerplexDEW (Davies, activity=DEW)"
240,0.03343725,0.007323044,Morey_Fournier_Rowe_1962,3phase,33.43725,Morey_Fournier_Rowe_1962 (3phase),True,0.005789086016680586,0.0015339579833194136,26.497412180428654,"PerplexDEW (Davies, activity=DEW)"
240,0.0335,0.007156612,Kennedy_1950,3phase,33.5,Kennedy_1950 (3phase),True,0.005789093010372558,0.0013675189896274415,23.62233578173992,"PerplexDEW (Davies, activity=DEW)"
263,0.0517,0.009486671,Kennedy_1950,3phase,51.7,Kennedy_1950 (3phase),True,0.007547821777792031,0.0019388492222079693,25.687533162383996,"PerplexDEW (Davies, activity=DEW)"
280,0.0642,0.010485268,Kennedy_1950,3phase,64.19999999999999,Kennedy_1950 (3phase),True,0.008645069524810419,0.0018401984751895816,21.286103829569097,"PerplexDEW (Davies, activity=DEW)"
300,0.0859,0.011317432,Kennedy_1950,3phase,85.9,Kennedy_1950 (3phase),True,0.010157930150434029,0.0011595018495659717,11.414745252175498,"PerplexDEW (Davies, activity=DEW)"
318,0.1067,0.011816731,Kennedy_1950,3phase,106.7,Kennedy_1950 (3phase),True,0.012152010062294582,-0.0003352790622945818,-2.7590420068437083,"PerplexDEW (Davies, activity=DEW)"
330,0.1281,0.012316029,Kennedy_1950,3phase,128.1,Kennedy_1950 (3phase),True,0.013049784523369167,-0.0007337555233691683,-5.622740529203227,"PerplexDEW (Davies, activity=DEW)"
325,0.15,0.012815328,Kennedy_1950,3phase,150.0,Kennedy_1950 (3phase),True,0.013024415290303076,-0.00020908729030307514,-1.6053487672398208,"PerplexDEW (Davies, activity=DEW)"
339,0.15,0.012648895,Kennedy_1950,3phase,150.0,Kennedy_1950 (3phase),True,0.013655002640838297,-0.0010061076408382965,-7.368051602050298,"PerplexDEW (Davies, activity=DEW)"
346,0.1565,0.011650298,Kennedy_1950,3phase,156.5,Kennedy_1950 (3phase),True,,,,"PerplexDEW (Davies, activity=DEW)"
360,0.1867,0.009320238,Kennedy_1950,3phase,186.70000000000002,Kennedy_1950 (3phase),True,0.011102282219651196,-0.0017820442196511965,-16.05115222613377,"PerplexDEW (Davies, activity=DEW)"
360,0.1867,0.009486671,Kennedy_1950,3phase,186.70000000000002,Kennedy_1950 (3phase),True,0.011102282219651196,-0.001615611219651196,-14.552064050322386,"PerplexDEW (Davies, activity=DEW)"
360,0.1867,0.010152403,Kennedy_1950,3phase,186.70000000000002,Kennedy_1950 (3phase),True,0.011102282219651196,-0.0009498792196511955,-8.555711347076873,"PerplexDEW (Davies, activity=DEW)"
368,0.2051,0.007739127,Kennedy_1950,3phase,205.1,Kennedy_1950 (3phase),True,2.3331685987962928e-07,0.00773889368314012,3316902.8964013574,"PerplexDEW (Davies, activity=DEW)"
373,0.221,0.003827955,Kennedy_1950,3phase,221.0,Kennedy_1950 (3phase),True,8.480587011619621e-07,0.003827106941298838,451278.5419281888,"PerplexDEW (Davies, activity=DEW)"
200,1.0,0.005370318,Hemley_1980,table2_-log_mol_per_L_approx,1000.0,Hemley_1980 (table2_-log_mol_per_L_approx),True,0.0040248175338834765,0.0013455004661165233,33.43009850233566,"PerplexDEW (Davies, activity=DEW)"
250,1.0,0.009332543,Hemley_1980,table2_-log_mol_per_L_approx,1000.0,Hemley_1980 (table2_-log_mol_per_L_approx),True,0.007674201032378783,0.0016583419676212173,21.609310996993504,"PerplexDEW (Davies, activity=DEW)"
300,1.0,0.014791084,Hemley_1980,table2_-log_mol_per_L_approx,1000.0,Hemley_1980 (table2_-log_mol_per_L_approx),True,0.013508759213732206,0.0012823247862677935,9.492543067643533,"PerplexDEW (Davies, activity=DEW)"
350,1.0,0.021877616,Hemley_1980,table2_-log_mol_per_L_approx,1000.0,Hemley_1980 (table2_-log_mol_per_L_approx),True,0.021949027295146806,-7.141129514680669e-05,-0.3253506143417872,"PerplexDEW (Davies, activity=DEW)"
350,1.0,0.022080047,Walther_Orville_1983,extraction_quench_logm,1000.0,Walther_Orville_1983 (extraction_quench_logm),True,0.021949027295146806,0.00013101970485319275,0.5969271580529802,"PerplexDEW (Davies, activity=DEW)"
400,1.0,0.030199517,Hemley_1980,table2_-log_mol_per_L_approx,1000.0,Hemley_1980 (table2_-log_mol_per_L_approx),True,0.03270201375858327,-0.002502496758583269,-7.652424028249456,"PerplexDEW (Davies, activity=DEW)"
400,1.0,0.02864178,Walther_Orville_1983,extraction_quench_logm,1000.0,Walther_Orville_1983 (extraction_quench_logm),True,0.03270201375858327,-0.004060233758583269,-12.415852395382176,"PerplexDEW (Davies, activity=DEW)"
450,1.0,0.03801894,Hemley_1980,table2_-log_mol_per_L_approx,1000.0,Hemley_1980 (table2_-log_mol_per_L_approx),True,0.04394204161877379,-0.005923101618773789,-13.479350072444529,"PerplexDEW (Davies, activity=DEW)"
460,1.0,0.03944573,Walther_Orville_1983,extraction_quench_logm,1000.0,Walther_Orville_1983 (extraction_quench_logm),True,0.04593366893980041,-0.00648793893980041,-14.124582445838042,"PerplexDEW (Davies, activity=DEW)"
500,1.0,0.046773514,Hemley_1980,table2_-log_mol_per_L_approx,1000.0,Hemley_1980 (table2_-log_mol_per_L_approx),True,0.05181446545595984,-0.005040951455959841,-9.728849678560211,"PerplexDEW (Davies, activity=DEW)"
500,1.0,0.04102041,Walther_Orville_1983,extraction_quench_logm,1000.0,Walther_Orville_1983 (extraction_quench_logm),True,0.05181446545595984,-0.010794055455959843,-20.832127401052404,"PerplexDEW (Davies, activity=DEW)"
550,1.0,0.044055486,Walther_Orville_1983,extraction_quench_logm,1000.0,Walther_Orville_1983 (extraction_quench_logm),True,0.05359816066975152,-0.009542674669751519,-17.80410848153786,"PerplexDEW (Davies, activity=DEW)"
45,1.01325,0.000316222,Morey_Fournier_Rowe_1962,L,1013.25,Morey_Fournier_Rowe_1962 (L),True,0.0003190404292542823,-2.818429254282265e-06,-0.8834081814865897,"PerplexDEW (Davies, activity=DEW)"
45,1.01325,0.000349509,Morey_Fournier_Rowe_1962,L,1013.25,Morey_Fournier_Rowe_1962 (L),True,0.0003190404292542823,3.0468570745717744e-05,9.550065744624991,"PerplexDEW (Davies, activity=DEW)"
75,1.01325,0.000599158,Morey_Fournier_Rowe_1962,L,1013.25,Morey_Fournier_Rowe_1962 (L),True,0.0005517888496256785,4.7369150374321515e-05,8.584651612017117,"PerplexDEW (Davies, activity=DEW)"
75,1.01325,0.000632445,Morey_Fournier_Rowe_1962,L,1013.25,Morey_Fournier_Rowe_1962 (L),True,0.0005517888496256785,8.065615037432152e-05,14.617212803237488,"PerplexDEW (Davies, activity=DEW)"
90,1.01325,0.000882094,Morey_Fournier_Rowe_1962,L,1013.25,Morey_Fournier_Rowe_1962 (L),True,0.0007206066073396526,0.00016148739266034747,22.40992394678829,"PerplexDEW (Davies, activity=DEW)"
90,1.01325,0.000948667,Morey_Fournier_Rowe_1962,L,1013.25,Morey_Fournier_Rowe_1962 (L),True,0.0007206066073396526,0.00022806039266034747,31.648390444587317,"PerplexDEW (Davies, activity=DEW)"
100,1.01325,0.001098457,Morey_Fournier_Rowe_1962,L,1013.25,Morey_Fournier_Rowe_1962 (L),True,0.000857632274090273,0.0002408247259097269,28.080184618189644,"PerplexDEW (Davies, activity=DEW)"
100,1.01325,0.001131743,Morey_Fournier_Rowe_1962,L,1013.25,Morey_Fournier_Rowe_1962 (L),True,0.000857632274090273,0.0002741107259097269,31.961335200507442,"PerplexDEW (Davies, activity=DEW)"
100,1.01325,0.001148387,Morey_Fournier_Rowe_1962,L,1013.25,Morey_Fournier_Rowe_1962 (L),True,0.000857632274090273,0.000290754725909727,33.902027091755954,"PerplexDEW (Davies, activity=DEW)"
105,1.01325,0.001348106,Morey_Fournier_Rowe_1962,L,1013.25,Morey_Fournier_Rowe_1962 (L),True,0.0009344511588393025,0.00041365484116069747,44.267144114252595,"PerplexDEW (Davies, activity=DEW)"
110,1.01325,0.001497895,Morey_Fournier_Rowe_1962,L,1013.25,Morey_Fournier_Rowe_1962 (L),True,0.001017270647122586,0.00048062435287741395,47.246458377314845,"PerplexDEW (Davies, activity=DEW)"
116,1.01325,0.001764188,Morey_Fournier_Rowe_1962,L,1013.25,Morey_Fournier_Rowe_1962 (L),True,0.001125093030631659,0.000639094969368341,56.8037443987663,"PerplexDEW (Davies, activity=DEW)"
120,1.01325,0.001847404,Morey_Fournier_Rowe_1962,L,1013.25,Morey_Fournier_Rowe_1962 (L),True,0.0012023960815424827,0.0006450079184575172,53.64354794221175,"PerplexDEW (Davies, activity=DEW)"
120,1.01325,0.001864048,Morey_Fournier_Rowe_1962,L,1013.25,Morey_Fournier_Rowe_1962 (L),True,0.0012023960815424827,0.0006616519184575174,55.02778399017429,"PerplexDEW (Davies, activity=DEW)"
120,1.01325,0.001897334,Morey_Fournier_Rowe_1962,L,1013.25,Morey_Fournier_Rowe_1962 (L),True,0.0012023960815424827,0.0006949379184575174,57.796089751558625,"PerplexDEW (Davies, activity=DEW)"
125,1.01325,0.001997194,Morey_Fournier_Rowe_1962,L,1013.25,Morey_Fournier_Rowe_1962 (L),True,0.0013054839232129615,0.0006917100767870384,52.98495557759549,"PerplexDEW (Davies, activity=DEW)"
137,1.01325,0.002379989,Morey_Fournier_Rowe_1962,L,1013.25,Morey_Fournier_Rowe_1962 (L),True,0.0015845844047211537,0.0007954045952788462,50.19641698536198,"PerplexDEW (Davies, activity=DEW)"
137,1.01325,0.002396633,Morey_Fournier_Rowe_1962,L,1013.25,Morey_Fournier_Rowe_1962 (L),True,0.0015845844047211537,0.0008120485952788463,51.246787035099345,"PerplexDEW (Davies, activity=DEW)"
137,1.01325,0.002446563,Morey_Fournier_Rowe_1962,L,1013.25,Morey_Fournier_Rowe_1962 (L),True,0.0015845844047211537,0.0008619785952788464,54.39777096825161,"PerplexDEW (Davies, activity=DEW)"
145,1.01325,0.002879288,Morey_Fournier_Rowe_1962,L,1013.25,Morey_Fournier_Rowe_1962 (L),True,0.0017978801656441275,0.0010814078343558723,60.149049698673096,"PerplexDEW (Davies, activity=DEW)"
150,1.01325,0.002945861,Morey_Fournier_Rowe_1962,L,1013.25,Morey_Fournier_Rowe_1962 (L),True,0.0019432688841713125,0.0010025921158286876,51.593072065075184,"PerplexDEW (Davies, activity=DEW)"
160,1.01325,0.00339523,Morey_Fournier_Rowe_1962,L,1013.25,Morey_Fournier_Rowe_1962 (L),True,0.002264209127184874,0.001131020872815126,49.95213822061312,"PerplexDEW (Davies, activity=DEW)"
160,1.01325,0.003411873,Morey_Fournier_Rowe_1962,L,1013.25,Morey_Fournier_Rowe_1962 (L),True,0.002264209127184874,0.0011476638728151263,50.68718516482771,"PerplexDEW (Davies, activity=DEW)"
160,1.01325,0.003461803,Morey_Fournier_Rowe_1962,L,1013.25,Morey_Fournier_Rowe_1962 (L),True,0.002264209127184874,0.001197593872815126,52.892370163003136,"PerplexDEW (Davies, activity=DEW)"
160,1.01325,0.003495089,Morey_Fournier_Rowe_1962,L,1013.25,Morey_Fournier_Rowe_1962 (L),True,0.002264209127184874,0.001230879872815126,54.3624640514323,"PerplexDEW (Davies, activity=DEW)"
185,1.01325,0.004377183,Morey_Fournier_Rowe_1962,L,1013.25,Morey_Fournier_Rowe_1962 (L),True,0.0032674482364283644,0.0011097347635716354,33.96334641814195,"PerplexDEW (Davies, activity=DEW)"
190,1.01325,0.004793265,Morey_Fournier_Rowe_1962,L,1013.25,Morey_Fournier_Rowe_1962 (L),True,0.003507069284781146,0.0012861957152188537,36.67437426458249,"PerplexDEW (Davies, activity=DEW)"
200,1.01325,0.005458997,Morey_Fournier_Rowe_1962,L,1013.25,Morey_Fournier_Rowe_1962 (L),True,0.0040300804204920476,0.0014289165795079526,35.4562795382999,"PerplexDEW (Davies, activity=DEW)"
200,1.01325,0.005492283,Morey_Fournier_Rowe_1962,L,1013.25,Morey_Fournier_Rowe_1962 (L),True,0.0040300804204920476,0.0014622025795079522,36.28221839130015,"PerplexDEW (Davies, activity=DEW)"
225,1.01325,0.007389618,Morey_Fournier_Rowe_1962,L,1013.25,Morey_Fournier_Rowe_1962 (L),True,0.0056224255297270985,0.0017671924702729012,31.431140544758403,"PerplexDEW (Davies, activity=DEW)"
246,1.01325,0.009286952,Morey_Fournier_Rowe_1962,L,1013.25,Morey_Fournier_Rowe_1962 (L),True,0.007321159481278107,0.0019657925187218928,26.85083590582718,"PerplexDEW (Davies, activity=DEW)"
265,1.01325,0.011151,Morey_Fournier_Rowe_1962,L,1013.25,Morey_Fournier_Rowe_1962 (L),True,,,,"PerplexDEW (Davies, activity=DEW)"
270,1.01325,0.012149596,Morey_Fournier_Rowe_1962,L,1013.25,Morey_Fournier_Rowe_1962 (L),True,0.009730883025624257,0.0024187129743757432,24.856048192199676,"PerplexDEW (Davies, activity=DEW)"
273,1.01325,0.012898544,Morey_Fournier_Rowe_1962,L,1013.25,Morey_Fournier_Rowe_1962 (L),True,0.010070334009008065,0.0028282099909919343,28.084569870890657,"PerplexDEW (Davies, activity=DEW)"
297,1.01325,0.014812522,Morey_Fournier_Rowe_1962,L,1013.25,Morey_Fournier_Rowe_1962 (L),True,0.013114414008040257,0.0016981079919597426,12.948409215376739,"PerplexDEW (Davies, activity=DEW)"
300,1.01325,0.01531182,Morey_Fournier_Rowe_1962,L,1013.25,Morey_Fournier_Rowe_1962 (L),True,0.013537308211463145,0.001774511788536855,13.108306029659802,"PerplexDEW (Davies, activity=DEW)"
300,1.01325,0.015378393,Morey_Fournier_Rowe_1962,L,1013.25,Morey_Fournier_Rowe_1962 (L),True,0.013537308211463145,0.0018410847885368554,13.600080309746204,"PerplexDEW (Davies, activity=DEW)"
394,1.25,0.031455805,Kennedy_1950,2phase,1250.0,Kennedy_1950 (2phase),True,0.03376078569613879,-0.0023049806961387836,-6.827390561595857,"PerplexDEW (Davies, activity=DEW)"
427,1.5,0.039943879,Kennedy_1950,2phase,1500.0,Kennedy_1950 (2phase),True,0.046420437967846534,-0.006476558967846532,-13.951955757790502,"PerplexDEW (Davies, activity=DEW)"
429,1.5,0.045103297,Kennedy_1950,2phase,1500.0,Kennedy_1950 (2phase),True,0.04711400229518291,-0.0020107052951829074,-4.267744613555127,"PerplexDEW (Davies, activity=DEW)"
442,1.5,0.046101894,Kennedy_1950,2phase,1500.0,Kennedy_1950 (2phase),True,0.05174343741398835,-0.005641543413988349,-10.902915801382788,"PerplexDEW (Davies, activity=DEW)"
413,1.75,0.042440371,Kennedy_1950,2phase,1750.0,Kennedy_1950 (2phase),True,0.04400892794971182,-0.0015685569497118218,-3.5641789581972607,"PerplexDEW (Davies, activity=DEW)"
435,1.75,0.050928446,Kennedy_1950,2phase,1750.0,Kennedy_1950 (2phase),True,0.052348887647512596,-0.0014204416475125936,-2.713413238265985,"PerplexDEW (Davies, activity=DEW)"
200,2.0,0.005888437,Hemley_1980,table2_-log_mol_per_L_approx,2000.0,Hemley_1980 (table2_-log_mol_per_L_approx),True,0.004392085100679552,0.001496351899320448,34.06928292643804,"PerplexDEW (Davies, activity=DEW)"
250,2.0,0.010964782,Hemley_1980,table2_-log_mol_per_L_approx,2000.0,Hemley_1980 (table2_-log_mol_per_L_approx),True,0.008495524492589905,0.002469257507410094,29.065392131631977,"PerplexDEW (Davies, activity=DEW)"
300,2.0,0.018197009,Hemley_1980,table2_-log_mol_per_L_approx,2000.0,Hemley_1980 (table2_-log_mol_per_L_approx),True,0.015322094674781801,0.002874914325218199,18.763193846791314,"PerplexDEW (Davies, activity=DEW)"
350,2.0,0.028840315,Hemley_1980,table2_-log_mol_per_L_approx,2000.0,Hemley_1980 (table2_-log_mol_per_L_approx),True,0.025900318429979845,0.002939996570020153,11.35119854981042,"PerplexDEW (Davies, activity=DEW)"
350,2.0,0.030549211,Walther_Orville_1983,extraction_quench_logm,2000.0,Walther_Orville_1983 (extraction_quench_logm),True,0.025900318429979845,0.004648892570020154,17.949171484467236,"PerplexDEW (Davies, activity=DEW)"
400,2.0,0.040738028,Hemley_1980,table2_-log_mol_per_L_approx,2000.0,Hemley_1980 (table2_-log_mol_per_L_approx),True,0.04119459371744235,-0.00045656571744234764,-1.1083146506407502,"PerplexDEW (Davies, activity=DEW)"
400,2.0,0.040550854,Walther_Orville_1983,extraction_quench_logm,2000.0,Walther_Orville_1983 (extraction_quench_logm),True,0.04119459371744235,-0.0006437397174423529,-1.5626800979221327,"PerplexDEW (Davies, activity=DEW)"
400,2.0,0.040364539,Walther_Orville_1983,extraction_quench_logm,2000.0,Walther_Orville_1983 (extraction_quench_logm),True,0.04119459371744235,-0.0008300547174423523,-2.014960320123016,"PerplexDEW (Davies, activity=DEW)"
400,2.0,0.040831939,Walther_Orville_1983,extraction_quench_logm,2000.0,Walther_Orville_1983 (extraction_quench_logm),True,0.04119459371744235,-0.0003626547174423525,-0.8803454160267626,"PerplexDEW (Davies, activity=DEW)"
425,2.0,0.047863009,Walther_Orville_1983,extraction_quench_logm,2000.0,Walther_Orville_1983 (extraction_quench_logm),True,0.05082886598019243,-0.00296585698019243,-5.834985540201111,"PerplexDEW (Davies, activity=DEW)"
450,2.0,0.054954087,Hemley_1980,table2_-log_mol_per_L_approx,2000.0,Hemley_1980 (table2_-log_mol_per_L_approx),True,0.06183754889596315,-0.006883461895963151,-11.13152448449087,"PerplexDEW (Davies, activity=DEW)"
450,2.0,0.058210322,Walther_Orville_1983,extraction_quench_logm,2000.0,Walther_Orville_1983 (extraction_quench_logm),True,0.06183754889596315,-0.003627226895963148,-5.865735238092432,"PerplexDEW (Davies, activity=DEW)"
450,2.0,0.056104798,Walther_Orville_1983,extraction_quench_logm,2000.0,Walther_Orville_1983 (extraction_quench_logm),True,0.06183754889596315,-0.005732750895963153,-9.270663210807495,"PerplexDEW (Davies, activity=DEW)"
475,2.0,0.062805836,Walther_Orville_1983,extraction_quench_logm,2000.0,Walther_Orville_1983 (extraction_quench_logm),True,0.0742032363711195,-0.011397400371119498,-15.359707916399529,"PerplexDEW (Davies, activity=DEW)"
500,2.0,0.075857758,Hemley_1980,table2_-log_mol_per_L_approx,2000.0,Hemley_1980 (table2_-log_mol_per_L_approx),True,0.08786125090379766,-0.012003492903797666,-13.661873442868128,"PerplexDEW (Davies, activity=DEW)"
500,2.0,0.069502432,Walther_Orville_1983,extraction_quench_logm,2000.0,Walther_Orville_1983 (extraction_quench_logm),True,0.08786125090379766,-0.01835881890379766,-20.895239613534947,"PerplexDEW (Davies, activity=DEW)"
500,2.0,0.071614341,Walther_Orville_1983,extraction_quench_logm,2000.0,Walther_Orville_1983 (extraction_quench_logm),True,0.08786125090379766,-0.016246909903797666,-18.49155314393028,"PerplexDEW (Davies, activity=DEW)"
525,2.0,0.083752928,Walther_Orville_1983,extraction_quench_logm,2000.0,Walther_Orville_1983 (extraction_quench_logm),True,0.10270326461686385,-0.01895033661686385,-18.451542594637452,"PerplexDEW (Davies, activity=DEW)"
525,2.0,0.077983011,Walther_Orville_1983,extraction_quench_logm,2000.0,Walther_Orville_1983 (extraction_quench_logm),True,0.10270326461686385,-0.02472025361686385,-24.069588935739425,"PerplexDEW (Davies, activity=DEW)"
525,2.0,0.082413812,Walther_Orville_1983,extraction_quench_logm,2000.0,Walther_Orville_1983 (extraction_quench_logm),True,0.10270326461686385,-0.02028945261686385,-19.755411566082124,"PerplexDEW (Davies, activity=DEW)"
525,2.0,0.079799469,Walther_Orville_1983,extraction_quench_logm,2000.0,Walther_Orville_1983 (extraction_quench_logm),True,0.10270326461686385,-0.022903795616863856,-22.300942138798437,"PerplexDEW (Davies, activity=DEW)"
550,2.0,0.088104887,Walther_Orville_1983,extraction_quench_logm,2000.0,Walther_Orville_1983 (extraction_quench_logm),True,0.11858738284828478,-0.030482495848284774,-25.70467035880425,"PerplexDEW (Davies, activity=DEW)"
700,2.0,0.139,Newton_Manning_2000,weight_loss_quench,2000.0,Newton_Manning_2000 (weight_loss_quench),True,0.2280910477733123,-0.08909104777331228,-39.05942326235232,"PerplexDEW (Davies, activity=DEW)"
600,4.35,0.219,Newton_Manning_2000,weight_loss_quench,4350.0,Newton_Manning_2000 (weight_loss_quench),True,0.24956923037909845,-0.03056923037909845,-12.248797791564067,"PerplexDEW (Davies, activity=DEW)"
700,4.35,0.377,Newton_Manning_2000,weight_loss_quench,4350.0,Newton_Manning_2000 (weight_loss_quench),True,0.44290846293187724,-0.06590846293187724,-14.880831695016509,"PerplexDEW (Davies, activity=DEW)"
750,4.35,0.458,Newton_Manning_2000,weight_loss_quench,4350.0,Newton_Manning_2000 (weight_loss_quench),True,0.5689318413209773,-0.11093184132097728,-19.498265567877095,"PerplexDEW (Davies, activity=DEW)"
500,5.0,0.131,Manning_1994,SC,5000.0,Manning_1994 (SC),True,0.13128121864172546,-0.0002812186417254503,-0.21421087085801155,"PerplexDEW (Davies, activity=DEW)"
600,5.0,0.228,Manning_1994,SC,5000.0,Manning_1994 (SC),True,0.2672956778734773,-0.03929567787347729,-14.70120212421753,"PerplexDEW (Davies, activity=DEW)"
600,5.0,0.269,Manning_1994,CQ,5000.0,Manning_1994 (CQ),True,0.2672956778734773,0.001704322126522717,0.6376167920416008,"PerplexDEW (Davies, activity=DEW)"
700,5.0,0.51,Manning_1994,SC,5000.0,Manning_1994 (SC),True,0.4818041311696223,0.028195868830377724,5.85214343470442,"PerplexDEW (Davies, activity=DEW)"
800,5.0,0.602,Manning_1994,SC,5000.0,Manning_1994 (SC),True,0.7977417315267652,-0.19574173152676522,-24.53698030215157,"PerplexDEW (Davies, activity=DEW)"
800,5.0,0.609,Manning_1994,SC,5000.0,Manning_1994 (SC),True,0.7977417315267652,-0.1887417315267652,-23.659503328920767,"PerplexDEW (Davies, activity=DEW)"
800,5.0,0.623,Manning_1994,SC,5000.0,Manning_1994 (SC),True,0.7977417315267652,-0.1747417315267652,-21.90454938245918,"PerplexDEW (Davies, activity=DEW)"
800,6.5,0.759,Manning_1994,CQ,6500.0,Manning_1994 (CQ),True,0.95844376189924,-0.19944376189923996,-20.809125149296683,"PerplexDEW (Davies, activity=DEW)"
700,7.0,0.513,Manning_1994,CQ,7000.0,Manning_1994 (CQ),True,0.5807176645547659,-0.06771766455476591,-11.66103059852412,"PerplexDEW (Davies, activity=DEW)"
500,7.5,0.147,Manning_1994,SC,7500.0,Manning_1994 (SC),True,0.15518821249986,-0.008188212499860015,-5.276310853743097,"PerplexDEW (Davies, activity=DEW)"
600,7.5,0.345,Manning_1994,SC,7500.0,Manning_1994 (SC),True,0.32360450803881297,0.021395491961187008,6.611617400157121,"PerplexDEW (Davies, activity=DEW)"
800,7.5,0.843,Manning_1994,CQ,7500.0,Manning_1994 (CQ),True,1.0531633584803979,-0.2101633584803979,-19.95543775693461,"PerplexDEW (Davies, activity=DEW)"
800,7.5,1.057,Manning_1994,CQ,7500.0,Manning_1994 (CQ),True,1.0531633584803979,0.0038366415196020576,0.36429690500606865,"PerplexDEW (Davies, activity=DEW)"
900,8.0,0.655,Manning_1994,CQ,8000.0,Manning_1994 (CQ),True,2.0090678531022155,-1.3540678531022154,-67.39781590807847,"PerplexDEW (Davies, activity=DEW)"
900,8.0,0.661,Manning_1994,CQ,8000.0,Manning_1994 (CQ),True,2.0090678531022155,-1.3480678531022154,-67.0991699469311,"PerplexDEW (Davies, activity=DEW)"
700,8.8,0.43,Manning_1994,CQ,8800.0,Manning_1994 (CQ),True,0.65495097281591,-0.22495097281590998,-34.34623081003316,"PerplexDEW (Davies, activity=DEW)"
700,8.8,0.555,Manning_1994,CQ,8800.0,Manning_1994 (CQ),True,0.65495097281591,-0.09995097281590992,-15.260832789693954,"PerplexDEW (Davies, activity=DEW)"
700,8.8,0.642,Manning_1994,CQ,8800.0,Manning_1994 (CQ),True,0.65495097281591,-0.012950972815909956,-1.977395767537877,"PerplexDEW (Davies, activity=DEW)"
700,8.8,0.658,Manning_1994,CQ,8800.0,Manning_1994 (CQ),True,0.65495097281591,0.0030490271840900585,0.4655351790655424,"PerplexDEW (Davies, activity=DEW)"
700,8.8,0.658,Manning_1994,CQ,8800.0,Manning_1994 (CQ),True,0.65495097281591,0.0030490271840900585,0.4655351790655424,"PerplexDEW (Davies, activity=DEW)"
700,8.8,0.662,Manning_1994,CQ,8800.0,Manning_1994 (CQ),True,0.65495097281591,0.007049027184090062,1.0762679157163972,"PerplexDEW (Davies, activity=DEW)"
900,9.0,0.917,Manning_1994,CQ,9000.0,Manning_1994 (CQ),True,2.245325610215656,-1.328325610215656,-59.159598241436115,"PerplexDEW (Davies, activity=DEW)"
500,10.0,0.171,Manning_1994,SC,10000.0,Manning_1994 (SC),True,0.17621212539871728,-0.0052121253987172655,-2.957869889443605,"PerplexDEW (Davies, activity=DEW)"
500,10.0,0.173,Manning_1994,SC,10000.0,Manning_1994 (SC),True,0.17621212539871728,-0.0032121253987172915,-1.8228742156359428,"PerplexDEW (Davies, activity=DEW)"
500,10.0,0.171,Newton_Manning_2000,weight_loss_quench,10000.0,Newton_Manning_2000 (weight_loss_quench),True,0.17621212539871728,-0.0052121253987172655,-2.957869889443605,"PerplexDEW (Davies, activity=DEW)"
600,10.0,0.426,Manning_1994,SC,10000.0,Manning_1994 (SC),True,0.37079400912725424,0.05520599087274575,14.888587602233722,"PerplexDEW (Davies, activity=DEW)"
600,10.0,0.353,Newton_Manning_2000,weight_loss_quench,10000.0,Newton_Manning_2000 (weight_loss_quench),True,0.37079400912725424,-0.017794009127254262,-4.798893371857976,"PerplexDEW (Davies, activity=DEW)"
700,10.0,0.684,Newton_Manning_2000,weight_loss_quench,10000.0,Newton_Manning_2000 (weight_loss_quench),True,0.7001195027394651,-0.016119502739465053,-2.3023930452432477,"PerplexDEW (Davies, activity=DEW)"
800,10.0,0.666,Manning_1994,CQ,10000.0,Manning_1994 (CQ),True,1.2649820699376886,-0.5989820699376885,-47.35103241164467,"PerplexDEW (Davies, activity=DEW)"
800,10.0,1.248,Newton_Manning_2000,weight_loss_quench,10000.0,Newton_Manning_2000 (weight_loss_quench),True,1.2649820699376886,-0.016982069937688582,-1.342475149748573,"PerplexDEW (Davies, activity=DEW)"
850,10.0,1.685,Newton_Manning_2000,weight_loss_quench,10000.0,Newton_Manning_2000 (weight_loss_quench),True,1.7351441634956406,-0.05014416349564055,-2.889913388788374,"PerplexDEW (Davies, activity=DEW)"
900,10.0,1.023,Manning_1994,CQ,10000.0,Manning_1994 (CQ),True,2.478233129844122,-1.4552331298441221,-58.72059058203513,"PerplexDEW (Davies, activity=DEW)"
900,10.0,1.038,Manning_1994,CQ,10000.0,Manning_1994 (CQ),True,2.478233129844122,-1.440233129844122,-58.1153206492204,"PerplexDEW (Davies, activity=DEW)"
900,10.0,1.232,Manning_1994,CQ,10000.0,Manning_1994 (CQ),True,2.478233129844122,-1.246233129844122,-50.287162851483174,"PerplexDEW (Davies, activity=DEW)"
900,10.0,2.39,Newton_Manning_2000,weight_loss_quench,10000.0,Newton_Manning_2000 (weight_loss_quench),True,2.478233129844122,-0.0882331298441219,-3.560324038185692,"PerplexDEW (Davies, activity=DEW)"
700,12.0,0.654,Manning_1994,SC,12000.0,Manning_1994 (SC),True,0.7706021799930732,-0.11660217999307321,-15.131306791024302,"PerplexDEW (Davies, activity=DEW)"
500,12.5,0.18,Manning_1994,SC,12500.0,Manning_1994 (SC),True,0.19601549774842747,-0.016015497748427476,-8.170526275928587,"PerplexDEW (Davies, activity=DEW)"
600,12.5,0.34,Manning_1994,SC,12500.0,Manning_1994 (SC),True,0.41394066005470537,-0.07394066005470534,-17.862623122100047,"PerplexDEW (Davies, activity=DEW)"
600,12.5,0.37,Manning_1994,SC,12500.0,Manning_1994 (SC),True,0.41394066005470537,-0.04394066005470537,-10.615207515226526,"PerplexDEW (Davies, activity=DEW)"
500,15.0,0.216,Manning_1994,SC,15000.0,Manning_1994 (SC),True,0.21522171985525665,0.0007782801447433485,0.36161784473554354,"PerplexDEW (Davies, activity=DEW)"
600,15.0,0.41,Manning_1994,SC,15000.0,Manning_1994 (SC),True,0.45494654449039607,-0.04494654449039609,-9.87952211852549,"PerplexDEW (Davies, activity=DEW)"
700,15.0,0.678,Manning_1994,SC,15000.0,Manning_1994 (SC),True,0.8693105931385924,-0.19131059313859233,-22.00716230178183,"PerplexDEW (Davies, activity=DEW)"
700,15.0,0.843,Newton_Manning_2000,weight_loss_quench,15000.0,Newton_Manning_2000 (weight_loss_quench),True,0.8693105931385924,-0.02631059313859241,-3.0266044548703395,"PerplexDEW (Davies, activity=DEW)"
500,17.5,0.23,Manning_1994,SC,17500.0,Manning_1994 (SC),True,0.2340957146959214,-0.004095714695921376,-1.7495897783697172,"PerplexDEW (Davies, activity=DEW)"
600,17.5,0.433,Manning_1994,SC,17500.0,Manning_1994 (SC),True,0.49465226266046364,-0.06165226266046364,-12.463758343865624,"PerplexDEW (Davies, activity=DEW)"
700,17.5,0.58,Manning_1994,SC,17500.0,Manning_1994 (SC),True,0.9475917667882274,-0.36759176678822747,-38.792207749350226,"PerplexDEW (Davies, activity=DEW)"
500,20.0,0.23,Manning_1994,SC,20000.0,Manning_1994 (SC),True,0.25274532610753203,-0.02274532610753202,-8.99930632064582,"PerplexDEW (Davies, activity=DEW)"
600,20.0,0.492,Manning_1994,SC,20000.0,Manning_1994 (SC),True,0.5334454611101351,-0.04144546111013514,-7.769390524737881,"PerplexDEW (Davies, activity=DEW)"
200,,0.004677351,Hemley_1980,table2_-log_mol_per_L_approx,,Hemley_1980 (table2_-log_mol_per_L_approx),True,0.0035750173478485046,0.0011023336521514952,30.8343581273779,"PerplexDEW (Davies, activity=DEW)"
250,,0.007585776,Hemley_1980,table2_-log_mol_per_L_approx,,Hemley_1980 (table2_-log_mol_per_L_approx),True,0.006570528865202469,0.0010152471347975311,15.451528417663328,"PerplexDEW (Davies, activity=DEW)"
300,,0.011220185,Hemley_1980,table2_-log_mol_per_L_approx,,Hemley_1980 (table2_-log_mol_per_L_approx),True,0.010742637897757458,0.0004775471022425426,4.4453430040887,"PerplexDEW (Davies, activity=DEW)"
350,,0.012589254,Hemley_1980,table2_-log_mol_per_L_approx,,Hemley_1980 (table2_-log_mol_per_L_approx),True,1.5841111526281362e-07,0.012589095588884736,7947103.691555144,"PerplexDEW (Davies, activity=DEW)"
